opeid,name,state,cohort year,prior loss,date
227100,Hi hland Park Community  Colle e,Ml,1990,0,8/7/1992
494000,Millerhawkins Business College,TN,1990,0,8/7/1992
714900,Newberry  Schools of Beauty,CA,1990,0,8/7/1992
965900,Kenmar Beauty Academy,OH,1990,0,8/7/1992
971700,Vogue Academy of Beauty Culture,IL,1990,0,8/7/1992
1024500,Commercial College of Shreveport,LA,1990,0,8/7/1992
1199100,Belzer Yeshiva,NY,1990,0,8/7/1992
1242600,John's Beauty Colleqe,TX,1990,0,8/7/1992
1248100,Dolphin Technical Institutes,TX,1990,0,8/7/1992
2055800,Michigan  College of Beauty,Ml,1990,0,8/7/1992
2071600,Madame  Daniel's School of Beauty Culture,VA,1990,0,8/7/1992
2154500,Larry's Academy of Hairstylin,LA,1990,0,8/7/1992
2154700,Miami Technical Institute,FL,1990,0,8/7/1992
2185300,North Main Beauty Academy,IN,1990,0,8/7/1992
2205000,Mr David's School of Hair Design,NC,1990,0,8/7/1992
2265200,Global Business  Institute,NY,1990,0,8/7/1992
2276300,Reese's School of Hair Desiqn,TX,1990,0,8/7/1992
2284200,New Tyler Barber Colle e,AR,1990,0,8/7/1992
2303100,Sarasota Beauty School,FL,1990,0,8/7/1992
2316500,Universal Beauty Colleqe,LA,1990,0,8/7/1992
2331000,Maryland Beauty Academy of Essex,MD,1990,0,8/7/1992
2346700,Rhones Beauty Colle e,AL,1990,0,8/7/1992
2349500,Cannella School of Hair Design,IL,1990,0,8/7/1992
2357200,Banking lnst,CA,1990,0,8/7/1992
2360000,Chicago Truck Driving School,IL,1990,0,8/7/1992
2556300,American Technical  Institute,OK,1990,0,8/7/1992
2579400,Draughons College of Nursing  Assistance,TX,1990,0,8/7/1992
2585400,Professional  Career Ctr,LA,1990,0,8/7/1992
2585700,International  Career Institute,AL,1990,0,8/7/1992
2593400,Southwest Colege,CA,1990,0,8/7/1992
2593500,Southwest College,CA,1990,0,8/7/1992
2597700,International  Career lnst,FL,1990,0,8/7/1992
3009400,SW School of Business & Technical  Careers,TX,1990,0,8/7/1992
3017900,PBS Training Center,Ml,1990,0,8/7/1992
3021500,SW School of Business & Technical  Careers,TX,1990,0,8/7/1992
125900,Palo Verde Colle e,CA,1990,0,8/31/1992
1006200,Metropolitan Community  College,IL,1990,0,8/31/1992
1224900,Texas Beauty College,TX,1990,0,8/31/1992
1244600,Universal Colleqe of Beauty,CA,1990,0,8/31/1992
1300300,Neilson  Beauty College,TX,1990,0,8/31/1992
2154100,Romar Beauty Academy,FL,1990,0,8/31/1992
2190200,Vogue Beauty College #12,TX,1990,0,8/31/1992
2286700,Mr. Arnold's Excellence  Beauty School,FL,1990,0,8/31/1992
2332500,National Business  Academy,CA,1990,0,8/31/1992
1054400,Pro Schools,WI,1990,0,2/1/1993
2292000,Diesel Truck Driver Train School,WI,1990,0,5/1/1993
2499700,Career Development Institute,AL,1990,0,1/14/1993
2581300,Career Development Institute,AL,1990,0,1/14/1993
2499800,Career Development Institute,AL,1990,0,1/20/1993
767100,Pro Schools,WI,1990,0,1/28/1993
767600,Pro Schools,WI,1990,0,1/28/1993
767700,Pro Schools,WI,1990,0,1/28/1993
3011100,Romar Beauty School of North Lauderdale,FL,1990,0,1/28/1993
767000,Pro Schools,WI,1990,0,1/29/1993
1237300,IBA College of Cosmetology,IL,1990,0,1/29/1993
1197100,Trend Beauty College,IL,1990,0,1/30/1993
1291600,Hair Desin School (The),KY,1990,0,1/31/1993
2292200,Nebraska Custom Diesel Drivers Training,NE,1990,0,5/15/1993
794400,Watterson  Colle e,KY,1990,0,5/17/1993
2282200,Skiles University of Hair Desi n,TX,1990,0,10/7/1993
2352600,Temple Academy of Cosmetology,TX,1990,0,10/8/1993
2347400,Moore Career College,MS,1990,0,2/9/1993
767500,Pro Schools,WI,1990,0,3/9/1993
1065600,State Colleqe of Beauty,Ml,1990,0,6/10/1993
1071200,State Colleqe of Beauty,Ml,1990,0,6/10/1993
1103500,Van Nuys Collee of Business,CA,1990,0,6/10/1993
1151200,State Collee of Beauty,Ml,1990,0,6/10/1993
2114400,Kenneth's Colleqe of Hairstylinq,CA,1990,0,6/10/1993
2541700,Coastal College,LA,1990,0,6/10/1993
2224600,Tri-State Cosmetology  Institute,TX,1990,0,10/21/1993
2088200,Jordan College,Ml,1990,0,3/15/1995
2114400,Kenneth's Colleqe of Hairstylinq,CA,1991,1,12/1/1993
2499800,Career Development Institute,AL,1991,1,12/1/1993
2541700,Coastal College,LA,1991,1,12/1/1993
3009400,SW School of Business & Technical  Careers,TX,1991,1,12/1/1993
1065600,State College of Beauty,Ml,1991,1,12/1/1993
1071200,State College of Beauty,Ml,1991,1,12/1/1993
861100,"CUNY, Hostos Community  College",NY,1991,0,12/3/1993
957800,Jon Louis School of Beauty,NY,1991,0,12/3/1993
2216700,Bilinqual Institute,NJ,1991,0,12/3/1993
2536800,Modern Trennd Beauty Colleqe,GA,1991,0,12/3/1993
3025300,Academy for Career Education,NY,1991,0,12/3/1993
3026700,Avanti Hair Tech,FL,1991,0,12/3/1993
2260000,Le Reve School of Cosmetology,FL,1991,0,11/4/1993
2277600,International  Barber & Style Colleqe,TN,1991,0,11/4/1993
2287100,La Belle Beauty School,FL,1991,0,11/4/1993
2533100,International  Business Colleqe,NM,1991,0,11/5/1993
360300,Ranger College,TX,1991,0,10/6/1993
360300,Ranger College,TX,1991,0,10/6/1993
471000,Kansas City Business  College,MO,1991,0,10/6/1993
496700,Durham College of El Paso,TX,1991,0,10/6/1993
520900,Miller Motte Business College,NC,1991,0,10/6/1993
525000,Cotton Boll Technical Institute,AR,1991,0,10/6/1993
549100,KY Tech - Paducah  Area Technology  Center,KY,1991,0,10/6/1993
549300,Madisonville Technical  College,KY,1991,0,10/6/1993
718200,First California Beauty College,CA,1991,0,10/7/1993
794200,Young Cosmetology College,lA,1991,0,10/7/1993
819700,Sooner College of Technology,OK,1991,0,10/7/1993
854300,Atlanta Technical  College,GA,1991,0,10/7/1993
867600,Kentucky Technical  - Green County Area Vocational E,KY,1991,0,10/7/1993
903500,Phillips College of Chicago,IL,1991,0,10/7/1993
920400,Kiamichi Technology Center,OK,1991,0,10/7/1993
922100,Phillips Colleges,MS,1991,0,10/7/1993
948200,Mansfield Business College,TX,1991,0,10/7/1993
965700,Career Beauty School,MO,1991,0,10/7/1993
970800,Eve's College of Hairstyling,OK,1991,0,10/7/1993
973200,Virginia Farrell Beauty School,Ml,1991,0,10/7/1993
973500,Virginia Farrell Beauty School,Ml,1991,0,10/7/1993
985700,Kirkville College of Cosmetology,MO,1991,0,10/7/1993
995800,Hicks Academy of Beauty Culture,VA,1991,0,10/7/1993
1019600,Crandall Junior College,GA,1991,0,10/7/1993
1031400,American Technical  College for Car Train,CA,1991,0,10/7/1993
1047000,Kalamazoo Beauty Academy,Ml,1991,0,10/7/1993
1061000,Cleveland Institute of Technology,OH,1991,0,10/7/1993
1090900,Concorde  Career lnst,TX,1991,0,10/7/1993
1114900,Capital City Business College,AR,1991,0,10/7/1993
1163100,"D-Jay's School of Beauty, Arts & Sciences",LA,1991,0,10/7/1993
1204700,"MTA School, Resident School",PA,1991,0,10/7/1993
1228200,United Academy of Beauty,AZ,1991,0,10/7/1993
1229100,Wright Beauty Academy,Ml,1991,0,10/7/1993
1259100,Marion County Area Technology Center,KY,1991,0,10/7/1993
1261100,Ronnie & Dormans  School of Hair Design,LA,1991,0,10/7/1993
1294000,United Artist Beauty College,CA,1991,0,10/7/1993
1311600,Meadows Colleqe of Business,GA,1991,0,10/7/1993
1318200,Riviera School of Beauty Culture,IL,1991,0,10/7/1993
1320000,Dayton Academy of Hair Desiqn,OH,1991,0,10/7/1993
2051200,San Luis Obispo Beauty College,CA,1991,0,10/7/1993
2057900,Hollywood Institute of Beauty Careers,FL,1991,0,10/7/1993
2059800,Paris Beauty Colleqe,CA,1991,0,10/7/1993
2061700,Wayne's Colleqe of Beauty,CA,1991,0,10/7/1993
2064300,Sierra College of Beauty,CA,1991,0,10/7/1993
2069600,Dean's Westside  Beauty College,CA,1991,0,10/7/1993
2115300,Pinellas Technical Education Centers - St. Petersburg,FL,1991,0,10/7/1993
2125000,Career Academy of Beauty,CA,1991,0,10/7/1993
2140900,Hair Desiqn School (The),FL,1991,0,10/7/1993
2144700,Medical Career College,TN,1991,0,10/7/1993
2154900,Missouri School of Barberinq  & Hairstylinq-St.  Louis,MO,1991,0,10/7/1993
2155200,Flair Beauty Institute,VA,1991,0,10/7/1993
2158900,Don Roberts Hair Designing  Academy,IN,1991,0,10/7/1993
2159100,Appalachian Beauty School,KY,1991,0,10/7/1993
2182400,Omni Technical School,FL,1991,0,10/7/1993
2187700,Crown Business  Institute Miami,FL,1991,0,10/7/1993
2197300,Hollywood Cosmetology  Center,OK,1991,0,10/7/1993
2205600,Palm Beach Beauty & Barber School,FL,1991,0,10/7/1993
2221200,International  Academy of Cosmetoloqy,CA,1991,0,10/7/1993
2247800,Wenatchee College of Beauty,WA,1991,0,10/7/1993
2253400,Academy of Floral Desiqn,co,1991,0,10/7/1993
2255600,Marinello  School of Beauty,CA,1991,0,10/7/1993
2285000,Scientific  Beauty Academy,AL,1991,0,10/7/1993
2285300,Key Power Technical  Institute,FL,1991,0,10/7/1993
2290700,International  Hair Institute,MO,1991,0,10/7/1993
2292900,Perryville Area Career and Technoloqy Center,MO,1991,0,10/7/1993
2307900,Mangums  Barber & Hairstyling College,sc,1991,0,10/7/1993
2324300,Careercom  Colleqe of Business,OH,1991,0,10/7/1993
2309900,Lewis Weinberger  & Hill Beauty School,OH,1991,0,10/8/1993
2310300,Columbia  Beauty School,sc,1991,0,10/8/1993
2313800,Consolidated Weldinq Schools,CA,1991,0,10/8/1993
2323800,Gaither & Company  Beauty College,AL,1991,0,10/8/1993
2329200,Victor Georqe Beauty Academy,OH,1991,0,10/8/1993
2333800,Avanti Hair Tech,FL,1991,0,10/8/1993
2333900,Rome Academy of Cosmetology,IL,1991,0,10/8/1993
2336600,Progressive  Hair Arts Beauty College,MO,1991,0,10/8/1993
2336800,Portable Practical Educational  Preparatory  Trng Cent,AZ,1991,0,10/8/1993
2337600,Northwest Beauty School,MD,1991,0,10/8/1993
2343100,Northwest  Arkansas Colleqe of Cosmetoloqy,AR,1991,0,10/8/1993
2346400,Lady Helen's School of Beauty,ID,1991,0,10/8/1993
2348300,Piedmont College of Hair Design,sc,1991,0,10/8/1993
2351700,Donta School of Beauty Culture,KY,1991,0,10/8/1993
2352300,Jesode Hatorah,NY,1991,0,10/8/1993
2363600,Daytona Beauty School,FL,1991,0,10/8/1993
2490300,Omaha Opportunities Industrialization Center,NE,1991,0,10/8/1993
2491400,Spanish-American Institute,NY,1991,0,10/8/1993
2493400,Alexandria Academy of Beauty Culture,LA,1991,0,10/8/1993
2494500,Chenier Business School,TX,1991,0,10/8/1993
2494600,Chenier,TX,1991,0,10/8/1993
2495200,Fashion Merchandisinq & Technical Institute,PR,1991,0,10/8/1993
2518200,Jocelyn Daspit Beauty Colleqes Jeffeson Branch,LA,1991,0,10/8/1993
2521300,International  Dealers School,CA,1991,0,10/8/1993
2526300,Marshall College of Beauty,TX,1991,0,10/8/1993
2526500,Automation  Academy,DC,1991,0,10/8/1993
2527500,Houston Training Schools,TX,1991,0,10/8/1993
2528400,Charlotte Diesel Driving School,NC,1991,0,10/8/1993
2529500,Hamrick  School,OH,1991,0,10/8/1993
2536200,National Education Center National Institute of Tech C,Ml,1991,0,10/8/1993
2538100,Mr John's School of Cosmetology,IL,1991,0,10/8/1993
2541600,Capitol City Barber College,co,1991,0,10/8/1993
2547600,Florida National College,FL,1991,0,10/8/1993
2568900,Professional  Drivers Institute,Ml,1991,0,10/8/1993
2570500,Commercial Drive Institute,IN,1991,0,10/8/1993
2573300,Advance School of Drivinq,CA,1991,0,10/8/1993
2575800,Avanti Hair Tech,FL,1991,0,10/8/1993
2580300,Mansfield School of Business,VA,1991,0,10/8/1993
2622600,Academy of Hair Design,OH,1991,0,10/8/1993
3026800,Chenier,TX,1991,0,10/8/1993
125900,Palo Verde College,CA,1991,1,11/9/1993
227100,Highland Park Community  College,Ml,1991,1,11/9/1993
450200,City College of San Francisco,CA,1991,1,11/9/1993
493200,Draughons College,GA,1991,1,11/9/1993
494000,Millerhawkins Business College,TN,1991,1,11/9/1993
714900,Newberry  Schools of Beauty,CA,1991,1,11/9/1993
733300,Louisiana Technical  College - Jefferson Campus  Met,LA,1991,1,11/9/1993
767100,Pro Schools,WI,1991,1,11/9/1993
767500,Pro Schools,WI,1991,1,11/9/1993
893900,Cannella School of Hair Design,IL,1991,1,11/9/1993
902200,Associated Technical College,CA,1991,1,11/9/1993
947600,Mr. Johns School of Cosmetology,IL,1991,1,11/9/1993
960700,House of Heavilin Beauty College,MO,1991,1,11/9/1993
961300,Merrillville  Beauty College,IN,1991,1,11/9/1993
971700,Vogue Academy of Beauty Culture,IL,1991,1,11/9/1993
973400,Virginia Farrell Beauty School,Ml,1991,1,11/9/1993
973600,Virginia Farrell Beauty School,Ml,1991,1,11/9/1993
985000,Juante Faire Academy of Hair Design,TX,1991,1,11/9/1993
987800,Craigs College Of Beauty,Ml,1991,1,11/9/1993
1006200,Metropolitan Community  College,IL,1991,1,11/9/1993
1024500,Commercial College of Shreveport,LA,1991,1,11/9/1993
1041300,Vogue College School of Hair Design #5,TX,1991,1,11/9/1993
1055800,Debbie's School of Beauty Culture,IL,1991,1,11/9/1993
1081000,Commercial College of Baton Rouge,LA,1991,1,11/9/1993
1123700,Southern Community  College,AL,1991,1,11/9/1993
1127400,Vogue Beauty College #1,TX,1991,1,11/9/1993
715600,Marinello  Schools of Beauty,CA,1991,0,10/13/1993
2214600,Bnos Jerusalem  Seminary,NY,1991,0,10/13/1993
2249900,Delta Beauty Colleqe,MS,1991,0,10/13/1993
2276500,Portsmouth  School of Beauty Culture,VA,1991,1,10/14/1993
3032200,Aladdin Beauty College #32,TX,1991,0,10/21/1993
2498800,Mahanna  Career Institute,NY,1991,0,10/26/1993
1197100,Trend Beauty College,IL,1991,1,11/16/1993
1199100,Belzer Yeshiva,NY,1991,1,11/16/1993
1224900,Texas Beauty College,TX,1991,1,11/16/1993
1242600,John's Beauty Colleqe,TX,1991,1,11/16/1993
1244600,Universal Colleqe of Beauty,CA,1991,1,11/16/1993
1248100,Dolphin Technical Institutes,TX,1991,1,11/16/1993
1284800,Moler Hollywood  Beauty Colleqe,OH,1991,1,11/16/1993
1300300,Neilson  Beauty College,TX,1991,1,11/16/1993
1301000,Lancaster Beauty School,CA,1991,1,11/16/1993
1309200,Voque Beauty Colleqe #4,TX,1991,1,11/16/1993
2055600,Larry's Academy of Hairstyling,LA,1991,1,11/16/1993
2055800,Michigan  College of Beauty,Ml,1991,1,11/16/1993
2071600,Madame  Daniel's School of Beauty Culture,VA,1991,1,11/16/1993
2120200,Washington DC Beauty Academy,DC,1991,1,11/16/1993
2132400,Barclay Colleqe,CA,1991,1,11/16/1993
2499700,Career Development Institute,AL,1991,1,11/16/1993
2579400,Draughons College of Nursing  Assistance,TX,1991,1,11/16/1993
2581300,Career Development Institute,AL,1991,1,11/16/1993
2585400,Professional  Career Ctr,LA,1991,1,11/16/1993
2593500,Southwest Colleqe,CA,1991,1,11/16/1993
1150600,Indiana Barber/Stylist College,IN,1991,1,11/16/1993
1151200,State College of Beauty,Ml,1991,1,11/16/1993
1155400,International  Renowned Beauty Academy,TX,1991,1,11/16/1993
1192500,Washington Heights Beauty School,NY,1991,1,11/16/1993
2154100,Romar Beauty Academy,FL,1991,1,11/16/1993
2154500,Larry's Academy of Hairstylinq,LA,1991,1,11/16/1993
2154700,Miami Technical Institute,FL,1991,1,11/16/1993
2166800,John Amico's School of Hair Design,IL,1991,1,11/16/1993
2190200,Vogue Beauty College #12,TX,1991,1,11/16/1993
2190300,Vogue Beauty College #8,TX,1991,1,11/16/1993
2197700,Pat Goins Pine Bluff Beauty School,AR,1991,1,11/16/1993
2200400,Sikeston Beauty Colleqe,MO,1991,1,11/16/1993
2205000,Mr David's School of Hair Desiqn,NC,1991,1,11/16/1993
2214700,Almas Beauty College,Ml,1991,1,11/16/1993
2216600,Moler Hairstyling College,IL,1991,1,11/16/1993
2234400,Academy of Beauty Culture,MO,1991,1,11/16/1993
2239100,Central Texas Beauty College #2,TX,1991,1,11/16/1993
2246700,Martin College,FL,1991,1,11/16/1993
2251100,Health Care Traininq Institute,TN,1991,1,11/16/1993
2260500,Summit Academy Opportunities Industrialization Cent,MN,1991,1,11/16/1993
2264300,Voque Colleqe School of Hair Desiqn #18,TX,1991,1,11/16/1993
2265200,Global Business  Institute,NY,1991,1,11/16/1993
2269300,Stevenson's  Academy of Hair Design,LA,1991,1,11/16/1993
2276300,Reese's School of Hair Design,TX,1991,1,11/16/1993
2284200,New Tyler Barber College,AR,1991,1,11/16/1993
2286700,Mr. Arnold's Excellence  Beauty School,FL,1991,1,11/16/1993
2292000,Diesel Truck Driver Train School,WI,1991,1,11/16/1993
2294100,Pazazz Hair School,TN,1991,1,11/16/1993
2294500,Flair Beauty Institute,VA,1991,1,11/16/1993
2295500,Cannella School of Hair Desiqn,IL,1991,1,11/16/1993
2303100,Sarasota Beauty School,FL,1991,1,11/16/1993
2310000,Ron Thomas School of Cosmetology,MD,1991,1,11/16/1993
2316100,International  Career Institute,FL,1991,1,11/16/1993
2318300,American Career Academy,Ml,1991,1,11/16/1993
2319500,Charles  Academy of Beauty Culture,AL,1991,1,11/16/1993
2331000,Maryland Beauty Academy of Essex,MD,1991,1,11/16/1993
2347400,Moore Career College,MS,1991,1,11/16/1993
1291600,Hair Desiqn School (The),KY,1991,1,11/17/1993
2058000,Art of Beauty Colleqe,LA,1991,1,11/17/1993
3021500,SW School of Business & Technical  Careers,TX,1991,1,11/17/1993
1054400,Pro Schools,WI,1991,1,11/17/1993
1006300,Delta Career College,LA,1991,1,11/18/1993
704400,Crowley's Ridge Technical  Institute,AR,1991,0,1/13/1994
778400,Massey Business College,TX,1991,0,1/13/1994
892300,Classic Beauty Colleges,AZ,1991,0,1/13/1994
966800,Flamingo Beauty College,IL,1991,0,1/14/1994
966900,Flamingo Beauty College,IL,1991,0,1/14/1994
987400,Moline Beauty School,IL,1991,0,1/14/1994
1019400,Classic Beauty Colleges,AZ,1991,0,1/14/1994
1153600,Tusla Academy of Hairstyling,OK,1991,0,1/14/1994
1234500,Flaminqo Beauty Colleqe,IL,1991,0,1/14/1994
1280900,Capri School of Beauty Culture,IL,1991,0,1/14/1994
1287900,Pat Goins Benton Road Beauty School,LA,1991,0,1/14/1994
2059600,AI Tate Beauty Colleqe,CA,1991,0,1/14/1994
2076400,Vogue Beauty College #9,TX,1991,0,1/14/1994
2086800,Flaminqo Beauty Colleqe,IL,1991,0,1/14/1994
2168100,Tri County Career Center/Adult  Career Center,OH,1991,0,1/14/1994
2206500,Sprinq Branch Beauty Colleqe,TX,1991,0,1/14/1994
2251700,Foster's Cosmetoloqy Colleqe,MS,1991,0,1/14/1994
2263600,Bastrop Beauty School #1,LA,1991,0,1/14/1994
2267400,Crown College of Cosmetology,IN,1991,0,1/14/1994
2288600,Western  Truck School,CA,1991,0,1/14/1994
2290300,Flamingo Beauty College,IL,1991,0,1/14/1994
2339600,Roqers Academy of Hair Desiqn,IN,1991,0,1/14/1994
2352400,Voque Colleqe of Cosmetoloqy #25,TX,1991,0,1/14/1994
2356500,American Beauty Academy,MS,1991,0,1/14/1994
2594400,Western  Truck School,CA,1991,0,1/14/1994
2615300,PSI Institute of Washington,MD,1991,0,1/14/1994
765500,Selan's System of Beauty Culture,IL,1991,0,2/22/1994
2255000,Knoxville Institute of Hair Design,TN,1991,0,3/15/1994
3023000,Advance Institute,NC,1991,0,3/15/1994
2524300,Roberts Institute of Hair Desiqn of Brooklyn,MD,1991,0,4/14/1994
2177100,Hair Desiqn School (The),KY,1991,0,6/17/1994
2133900,Bayou TechI Ins!,LA,1991,0,2/7/1994
2350800,Academy of Hair Desiqn,OH,1991,0,5/10/1994
2218300,S.W. School of Business & Technical  Careers,TX,1991,1,10/21/1994
2266100,Eastern Jackson  County College of Allied Health,MO,1991,1,10/21/1994
2088200,Jordan Colleqe,Ml,1991,1,3/15/1995
311200,Penn Ohio College,OH,1991,0,3/31/1995
311200,Penn Ohio College,OH,1991,0,3/31/1995
1240300,Meadows Business  Colleqe,GA,1991,0,6/6/1995
2211500,Texas Vocational School,TX,1991,0,6/7/1995
2220100,San Antonio Trade School,TX,1991,0,6/7/1995
718700,North Adrian's Beauty College,CA,1991,1,8/23/1995
988400,Aladdin Beauty College #4,TX,1991,0,11/4/1996
1096600,Aladdin Beauty College #9,OK,1991,0,11/4/1996
2100700,Aladdin Beauty Colleqe #8,TX,1991,0,11/4/1996
462100,Ayers Career College,LA,1991,0,11/6/1996
492400,Forrest Junior College,sc,1991,0,11/6/1996
754700,Lincoln College of Technology,co,1991,0,11/6/1996
1096900,Aladdin Beauty College #13,TX,1991,0,11/6/1996
1127700,Aladdin Beauty College #1,TX,1991,0,11/6/1996
1181000,Taylor Business  Institute,IL,1991,0,11/6/1996
1229900,Aladdin Beauty College #19,TX,1991,0,11/6/1996
1249200,Aladdin Beauty College #26,TX,1991,0,11/6/1996
1306600,Aladdin Beauty College #5,TX,1991,0,11/6/1996
2117900,Ross Technical Institute,Ml,1991,0,11/6/1996
2281400,Aladdin Beauty Colleqe #3,TX,1991,0,11/6/1996
2281600,Aladdin Beauty Colleqe #15,TX,1991,0,11/6/1996
2284300,Interactive College of Technology,GA,1991,0,11/6/1996
2323100,Pat Goins Shreveport  Beauty School,LA,1991,0,11/6/1996
2331300,Interactive Learninq Systems,TX,1991,0,11/6/1996
2339700,Ross Medical Education Center,Ml,1991,0,11/6/1996
2548800,South Texas Vocational Technical Institute,TX,1991,0,11/6/1996
2584400,New Enqland Tractor Trailer Traininq School of Mass,Rl,1991,0,11/6/1996
1183000,Berk Trade & Business  School,NY,1991,1,7/30/1996
1212800,Southwestern Colleqe,OH,1991,0,9/25/1996
2139000,Craft Institute (The),PA,1991,0,10/18/1996
2180100,Ross Medical Education Center,Ml,1991,0,10/22/1996
2262700,Delaware County Institute of Traininq,PA,1991,0,10/23/1996
2314900,Advanced Career Traininq,PA,1991,0,10/29/1996
2344400,Gordon Phillips School of Beauty Culture,MD,1991,0,1/15/1997
1197900,Blake Business  School,NY,1991,0,7/24/1997
316900,Oklahoma  Junior Colleqe of Business & Technoloqy,OK,1992,1,3/3/1995
316900,Oklahoma  Junior Colleqe of Business & Technoloqy,OK,1992,1,3/3/1995
2088200,Jordan College,Ml,1992,1,3/15/1995
2166900,Scharfenberg Beauty Academy,IL,1992,0,3/31/1995
2522000,Moler Barber College,OR,1992,0,3/31/1995
465000,Chesapeake College,MD,1992,0,1/4/1995
531200,Red River Technology  Center,OK,1992,0,1/4/1995
531900,Foothills Technical  Institute,AR,1992,0,1/4/1995
533900,Metro Technoloqy Centers School District #22,OK,1992,0,1/4/1995
542900,Rolla Technical Institute/Center,MO,1992,0,1/4/1995
560500,Pinellas Technical Education Center- Clearwater Can,FL,1992,0,1/4/1995
576300,Central Georgia Technical  College,GA,1992,0,1/4/1995
712600,Federico Kern County College Beauty,CA,1992,0,1/4/1995
720400,Modern Beauty Academy - Oxnard,CA,1992,0,1/4/1995
736700,Marinello  Schools of Beauty,NV,1992,0,1/4/1995
752600,Washington Holmes Technical  Center,FL,1992,0,1/4/1995
782600,Berean Institute,PA,1992,0,1/4/1995
841600,Richards  Beauty Colleqe,CA,1992,0,1/4/1995
910400,Riverside  Hairstyling  Academy,FL,1992,0,1/4/1995
953700,Virqinia School of Hair Desiqn,VA,1992,0,1/4/1995
967400,Moler Beauty College,LA,1992,0,1/4/1995
989800,Demmon  School of Beauty,LA,1992,0,1/4/1995
996300,Caddo-Kiowa Area Vocational-Technical School Distn OK,,1992,0,1/4/1995
1046000,American Baptist Theological  Seminary,TN,1992,0,1/4/1995
1074100,Mellie's Beauty College,AR,1992,0,1/4/1995
1089500,Somerset  Beauty College,KY,1992,0,1/4/1995
1096000,Mansfield Beauty Academy,MA,1992,0,1/4/1995
1096200,Moore Universite' of Hair Desiqn,OH,1992,0,1/4/1995
1112600,Garces Commercial Colleqe,FL,1992,0,1/4/1995
1153700,Mid-America Area Vocational-Technical School Distri,OK,1992,0,1/4/1995
1163900,Rapid City Regional Hospital Medical Technology Pro,SD,1992,0,1/4/1995
1164600,Virginia Farrell Beauty School,Ml,1992,0,1/4/1995
1180000,Frederick's  Beauty College,OH,1992,0,1/4/1995
1229600,Vogue Beauty College #2,TX,1992,0,1/4/1995
1240400,Lexinqton Beauty Colleqe,KY,1992,0,1/4/1995
1246400,Bronx Beauty School,NY,1992,0,1/4/1995
1248400,Cambridqe Colleqe of Cosmetoloqy,TX,1992,0,1/4/1995
1249100,Vogue College of Cosmetology #21,TX,1992,0,1/4/1995
1249400,Mr Lee's Beauty School,WA,1992,0,1/4/1995
1255500,M.J. Murphy Beauty Colleqe of Saqinaw,Ml,1992,0,1/4/1995
1265000,Marinello  School of Beauty,CA,1992,0,1/4/1995
1265400,Renee's Cosmetoloqy  Ctr,TX,1992,0,1/4/1995
1273800,Kentucky Technical  - Mayfield/Graves County Area V,KY,1992,0,1/4/1995
1282300,Pat Goins Ruston Beauty School,LA,1992,0,1/4/1995
1288000,Pat Goins Beauty School,LA,1992,0,1/4/1995
1293100,Velma B's Beauty Academy,TX,1992,0,1/4/1995
1298900,Oceanside  Colleqe of Beauty,CA,1992,0,1/4/1995
1307400,American Beauty College,CA,1992,0,1/4/1995
1307700,Page Antelope Valley Beauty School,CA,1992,0,1/4/1995
1309500,Salon Success  Academy,CA,1992,0,1/4/1995
1309700,Salvatores  College of Hairstyling,CA,1992,0,1/4/1995
2056700,Sherrills University  of Hairstylinq & Cosmetoloqy,NC,1992,0,1/4/1995
2058600,Conlee's Colleqe of Cosmetoloqy,TX,1992,0,1/4/1995
2061300,Voque Beauty Colleqe #7,TX,1992,0,1/4/1995
2061600,Waynes Colleqe of Beauty,CA,1992,0,1/4/1995
2067600,Atlantic County Vocational School District,NJ,1992,0,1/4/1995
2105600,Vatterott Educational  Centers,MO,1992,0,1/4/1995
2122400,Santa Rosa Beauty College,CA,1992,0,1/4/1995
2122800,Mr Dels School of Cosmetology,FL,1992,0,1/4/1995
2125800,Progressive  Fashion School,OH,1992,0,1/4/1995
2139800,Webster  County Area Technoloqy  Center,KY,1992,0,1/4/1995
2142500,Beauty Careers Training Center,FL,1992,0,1/4/1995
2148200,Fashion Focus Hair Academy,FL,1992,0,1/4/1995
2148300,Manhattan Beauty School,FL,1992,0,1/4/1995
2149300,SCS Business and Technical Institute,NY,1992,0,1/4/1995
2177900,State Barber & Hair Desiqn Colleqe,OK,1992,0,1/4/1995
2178400,West Technical Education Center,FL,1992,0,1/4/1995
2182500,Mid South School of Beauty,TN,1992,0,1/4/1995
2186300,Avanti Hair Tech,FL,1992,0,1/4/1995
2189400,Ray-Mar Beauty Academy,FL,1992,0,1/4/1995
2191800,Moler Beauty College,LA,1992,0,1/4/1995
2202400,Professional  Cosmetoloqy Education Center,AR,1992,0,1/4/1995
2211000,Hairmasters  University of Beauty,CA,1992,0,1/4/1995
2211900,Cheeks International  Academy of Beauty Culture,WY,1992,0,1/4/1995
2214500,Salem College of Hairstyling,MO,1992,0,1/4/1995
2221300,Marinello  School of Beauty,CA,1992,0,1/4/1995
2223900,Drake College of Business,NJ,1992,0,1/4/1995
2236400,"Thanh Le College, School of Cosmetology",CA,1992,0,1/4/1995
2239300,Rice College,AL,1992,0,1/4/1995
2241600,San Diego Continuing  Education,CA,1992,0,1/4/1995
2248200,Milan Institute of Cosmetology,TX,1992,0,1/4/1995
2254200,Techno-Dent  Traininq Center,NY,1992,0,1/4/1995
2266200,American Professional  Institute,GA,1992,0,1/4/1995
2266300,Rehberg's Hairstyling  Academy,FL,1992,0,1/4/1995
2267100,Exposito School of Hair Desiqn,TX,1992,0,1/4/1995
2269600,Commercial Driver Traininq,NY,1992,0,1/4/1995
2278300,Jett College of Cosmetology,TN,1992,0,1/4/1995
2278400,Jett College of Cosmetology & Barbering,TN,1992,0,1/4/1995
2279200,Dudley Beauty College,DC,1992,0,1/4/1995
2301800,Art of Beauty College,LA,1992,0,1/4/1995
2317700,Louisiana Technical  Colleqe- Tallulah Campus,LA,1992,0,1/4/1995
2320200,Houston Graduate  School of Theology,TX,1992,0,1/4/1995
2322700,Allstate Tractor Trailer Training School,CT,1992,0,1/4/1995
2322800,Black World College of Hair Design,NC,1992,0,1/4/1995
2323700,Pat Wilson Beauty Colleqe,KY,1992,0,1/4/1995
2324400,Allstate Hairstylinq & Barber Colleqe,OH,1992,0,1/4/1995
2325000,Billings School of Barbering & Hair Styling,MT,1992,0,1/4/1995
2327800,Pineville Beauty School,LA,1992,0,1/4/1995
2337900,Colleqe of Hair Desiqn Careers,OR,1992,0,1/4/1995
2339800,Southern Institute of Cosmetology- Main Campus,TN,1992,0,1/4/1995
2340800,J & M Academy of Cosmetoloqy,KY,1992,0,1/4/1995
2348200,Mid-South Community  Colleqe,AR,1992,0,1/4/1995
2349100,Hair Fashions by Kaye Beauty College,IN,1992,0,1/4/1995
2353900,Dootson School of Trucking,CA,1992,0,1/4/1995
2363500,Arthur's Beauty College,AR,1992,0,1/4/1995
2498000,New Wave Hair Academy,TN,1992,0,1/4/1995
2508500,Farahs Beauty School,sc,1992,0,1/4/1995
2508700,Omni Technical School,FL,1992,0,1/4/1995
2512000,Vogue College of Cosmetology #29,TX,1992,0,1/4/1995
2520900,American Bartenders  School,NY,1992,0,1/4/1995
2522400,Abbeville Beauty Academy,LA,1992,0,1/4/1995
2522900,East Kentucky Beauty Colleqe,KY,1992,0,1/4/1995
2523400,Annapolis Beauty Academy,MD,1992,0,1/4/1995
2526900,Moler Beauty Colleqe,LA,1992,0,1/4/1995
2537400,Aline Jefferson  Beauty Academy,MO,1992,0,1/4/1995
2538800,Suffolk Beauty Academy,VA,1992,0,1/4/1995
2539700,Edwards School of Cosmetology,Ml,1992,0,1/4/1995
2549900,Consumer  Electronics Traininq Center,IL,1992,0,1/4/1995
2554600,Gibson's Barber & Beauty Colleqe,MS,1992,0,1/4/1995
2569900,Florida School of Business,FL,1992,0,1/4/1995
2583800,SCS Business & Technical Institute,NY,1992,0,1/4/1995
2584000,SCS Business & Technical Institute,NY,1992,0,1/4/1995
2584300,SCS Business & Technical Institute,NY,1992,0,1/4/1995
2586500,Western  Truck School,CA,1992,0,1/4/1995
2591400,Diesel Institute of America,FL,1992,0,1/4/1995
2593300,Heald College,CA,1992,0,1/4/1995
2599300,Southern Technical  College,LA,1992,0,1/4/1995
2601600,Henry W Brewster Technical  Center,FL,1992,0,1/4/1995
2601800,Hialeah Technical Institute,FL,1992,0,1/4/1995
2601900,Miami Institute of Technology,FL,1992,0,1/4/1995
2617900,Le Hair Design College,TX,1992,0,1/4/1995
2620100,Louisiana Hair Design College,LA,1992,0,1/4/1995
2623400,RTI Technical  Institute,FL,1992,0,1/4/1995
3001600,Jett College of Cosmetology,TN,1992,0,1/4/1995
3072900,Avanti Hair Tech,FL,1992,0,1/4/1995
1228200,United Academy of Beauty,AZ,1992,1,4/4/1995
1196400,Geneva's Beauty College,LA,1992,0,4/19/1995
2216700,Bilingual Institute,NJ,1992,1,6/5/1995
2321400,Roilier  - Moler Hairstyling College,GA,1992,0,6/6/1995
2211500,Texas Vocational School,TX,1992,0,6/7/1995
2220100,San Antonio Trade School,TX,1992,0,6/7/1995
718700,North Adrian's Beauty Colleqe,CA,1992,1,8/23/1995
127200,San Bernardino  Valley College,CA,1992,0,1/9/1995
835500,James  Rumsey Technical Institute,wv,1992,0,1/9/1995
2153200,Northeast  Institute,NY,1992,0,1/9/1995
2197400,Woodbridqe  Business  Institute,MD,1992,0,1/9/1995
1240300,Meadows Business  College,GA,1992,1,9/13/1995
2153200,Northeast  Institute,NY,1992,0,1/11/1995
2307000,Ross Medical Education Center,Ml,1992,0,11/1/1996
2177100,Hair Design School (The),KY,1992,1,5/2/1996
247500,Kemper Military School and College,MO,1992,0,3/20/1996
248400,Metropolitan Community  Colleqe,MO,1992,0,3/20/1996
248400,Metropolitan Community  Colleqe,MO,1992,0,3/20/1996
936100,Empire Technical  School of New Jersey,NJ,1992,0,3/20/1996
1260800,Du Quoin Beauty Colleqe,IL,1992,0,3/20/1996
2493600,Chattanooga Barber College,TN,1992,0,3/20/1996
2548200,San Antonio Technical College,TX,1992,0,3/20/1996
2564700,Elaine Steven Beauty Colleqe,MO,1992,0,3/20/1996
2248700,Buffalo Vocational Technical  Center,NY,1992,0,3/22/1996
988400,Aladdin Beauty College #4,TX,1992,0,11/4/1996
1096600,Aladdin Beauty College #9,OK,1992,0,11/4/1996
2100700,Aladdin Beauty Colleqe #8,TX,1992,0,11/4/1996
738800,Lonq Island Beauty School,NY,1992,0,11/5/1996
813700,Aladdin Beauty College #18,TX,1992,0,11/5/1996
2495100,Maryland Beauty Academy,MD,1992,1,5/15/1996
2154700,Miami Technical Institute,FL,1992,1,5/20/1996
988400,Aladdin Beauty College #4,TX,1992,1,11/6/1996
1096600,Aladdin Beauty College #9,OK,1992,1,11/6/1996
1096900,Aladdin Beauty College #13,TX,1992,1,11/6/1996
1249200,Aladdin Beauty College #26,TX,1992,1,11/6/1996
1306600,Aladdin Beauty Colleqe #5,TX,1992,1,11/6/1996
2100700,Aladdin Beauty Colleqe #8,TX,1992,1,11/6/1996
2117900,Ross Technical Institute,Ml,1992,1,11/6/1996
2139000,Craft Institute (The),PA,1992,1,11/6/1996
2180100,Ross Medical Education Center,Ml,1992,1,11/6/1996
2281400,Aladdin Beauty College #3,TX,1992,1,11/6/1996
2281600,Aladdin Beauty Colleqe #15,TX,1992,1,11/6/1996
2284300,Interactive College of Technology,GA,1992,1,11/6/1996
2323100,Pat Goins Shreveport  Beauty School,LA,1992,1,11/6/1996
2331300,Interactive Learninq Systems,TX,1992,1,11/6/1996
2339700,Ross Medical Education Center,Ml,1992,1,11/6/1996
462100,Ayers Career College,LA,1992,0,11/6/1996
492400,Forrest Junior College,sc,1992,0,11/6/1996
754700,Lincoln College of Technology,co,1992,0,11/6/1996
953100,Spa School (The),OH,1992,0,11/6/1996
1005700,American Commercial College,TX,1992,0,11/6/1996
1093000,Suburban Technical  School,NY,1992,0,11/6/1996
1094500,Nationwide  Beauty Academy,OH,1992,0,11/6/1996
1096900,Aladdin Beauty College #13,TX,1992,0,11/6/1996
1100600,American  Institute of Design,PA,1992,0,11/6/1996
1127700,Aladdin Beauty Colleqe #1,TX,1992,0,11/6/1996
1152100,Education  Dynamics  Institution,NV,1992,0,11/6/1996
1158700,McCarrie  Schools of Health Sciences & Technology,PA,1992,0,11/6/1996
1181000,Taylor Business  Institute,IL,1992,0,11/6/1996
1184100,John Jay Beauty College,LA,1992,0,11/6/1996
1209000,Reignbow  Beauty Academy,NJ,1992,0,11/6/1996
1209300,American Beauty Colleqe,TX,1992,0,11/6/1996
1229900,Aladdin Beauty College #19,TX,1992,0,11/6/1996
1248500,Aladdin Beauty Colleqe #25,TX,1992,0,11/6/1996
1249200,Aladdin Beauty College #26,TX,1992,0,11/6/1996
1306600,Aladdin Beauty Colleqe #5,TX,1992,0,11/6/1996
2117900,Ross Technical Institute,Ml,1992,0,11/6/1996
2218500,South Texas Vocational Technical Institute,TX,1992,0,11/6/1996
2264600,Career Institute (The),PA,1992,0,11/6/1996
2281400,Aladdin Beauty College #3,TX,1992,0,11/6/1996
2281600,Aladdin Beauty Colleqe #15,TX,1992,0,11/6/1996
2284300,Interactive College of Technology,GA,1992,0,11/6/1996
2323100,Pat Goins Shreveport  Beauty School,LA,1992,0,11/6/1996
2326400,Tri-City Barber School,PA,1992,0,11/6/1996
2331300,Interactive Learninq Systems,TX,1992,0,11/6/1996
2337300,Academy of Creative Hair Desiqn,FL,1992,0,11/6/1996
2339500,West Coast Training,OR,1992,0,11/6/1996
2339700,Ross Medical Education Center,Ml,1992,0,11/6/1996
2548800,South Texas Vocational Technical Institute,TX,1992,0,11/6/1996
2584400,New England Tractor Trailer Training School of Mass,Rl,1992,0,11/6/1996
2608500,Delta Career Institute,TX,1992,0,11/6/1996
3068800,Aladdin Beauty College #28,TX,1992,0,11/6/1996
111900,Barstow Community  College,CA,1992,1,7/29/1996
1291600,Hair Design School (The),KY,1992,1,7/29/1996
2331000,Maryland Beauty Academy of Essex,MD,1992,1,7/29/1996
1183000,Berk Trade & Business  School,NY,1992,1,7/30/1996
2154900,Missouri School of Barbering  & Hairstyling-St.  Louis,MO,1992,1,8/8/1996
1100800,Aladdin Beauty College #2,TX,1992,0,10/9/1996
861100,"CUNY, Hostos Community  College",NY,1992,1,9/24/1996
1212800,Southwestern Colleqe,OH,1992,0,9/25/1996
855500,Hair Design Institute at Livingston  Street,NY,1992,0,10/18/1996
1192100,Westchester School of Beauty Culture,NY,1992,0,10/18/1996
2099700,Ross Medical Education Center,Ml,1992,0,10/18/1996
2139000,Craft Institute (The),PA,1992,0,10/18/1996
2252800,Continental  Dental Assistant School,NY,1992,0,10/18/1996
2265400,Aladdin Beauty College #21,TX,1992,0,10/18/1996
2598100,Florida Technical  College- Tampa,FL,1992,0,10/18/1996
3019800,PCI Health Training Center,TX,1992,0,10/18/1996
1207300,Bryan Institute,OK,1992,0,10/21/1996
1011200,Bryan Institute,KS,1992,0,10/22/1996
1021000,Prospect Hall School of Business,FL,1992,0,10/22/1996
2180100,Ross Medical Education Center,Ml,1992,0,10/22/1996
2598200,Florida Technical  College of Jacksonville,FL,1992,0,10/22/1996
2074900,Chris Beauty College,MS,1992,0,10/23/1996
2262700,Delaware County Institute of Training,PA,1992,0,10/23/1996
2341000,Capps Colleqe,AL,1992,0,10/23/1996
927900,Edutek Professional  Colleges,CA,1992,0,10/24/1996
2141300,Dickinson Warren Colleqe,CA,1992,0,10/24/1996
2312400,LA Colleqe International,CA,1992,0,10/24/1996
2580700,Truck Driving Academy,CA,1992,0,10/24/1996
2314900,Advanced Career Traininq,PA,1992,0,10/29/1996
1073000,TRC -Jan Mar Beauty Academy,VA,1992,0,10/30/1996
2599100,Remington  College,AR,1992,0,10/31/1996
3042500,Apollo College,OR,1992,0,10/31/1996
2344400,Gordon Phillips School of Beauty Culture,MD,1992,0,1/15/1997
902200,Associated Technical College,CA,1992,1,3/26/1997
2312600,Aladdin Beauty College #27,TX,1992,0,4/14/1997
1197900,Blake Business  School,NY,1992,0,7/24/1997
2255600,Marinello  School of Beauty,CA,1992,1,5/8/1997
2273300,Joseph Donahue International  School of Hairstyling,PA,1992,0,1/8/1998
2351700,Donia School of Beauty Culture,KY,1993,1,10/1/1996
2307000,Ross Medical Education Center,Ml,1993,0,11/1/1996
1309500,Salon Success  Academy,CA,1993,1,10/2/1996
2568100,Texas Barber Colleges  & Hairstyling Schools,TX,1993,0,9/3/1996
2574000,Alma's Beauty Colleqe,TN,1993,0,9/3/1996
2614400,Brazosport  Beauty Colleqe,TX,1993,0,9/3/1996
2125000,Career Academy of Beauty,CA,1993,1,10/3/1996
2349500,Cannella School of Hair Desiqn,IL,1993,1,10/3/1996
957800,Jon Louis School of Beauty,NY,1993,1,9/4/1996
988400,Aladdin Beauty Colleqe #4,TX,1993,0,11/4/1996
1096600,Aladdin Beauty Colleqe #9,OK,1993,0,11/4/1996
2100700,Aladdin Beauty College #8,TX,1993,0,11/4/1996
2523300,Roberts Institute of Hair Design of Langley Park,MD,1993,0,11/4/1996
738800,Long Island Beauty School,NY,1993,0,11/5/1996
813700,Aladdin Beauty College #18,TX,1993,0,11/5/1996
1088700,Connecticut  Business  Institute,CT,1993,0,11/5/1996
2319000,Computer  Learninq Centers Chicaqo,IL,1993,0,11/5/1996
2599900,Sierra Hi-Tech,CA,1993,0,11/5/1996
2258400,Aveda Institute Baton Rouge,LA,1993,1,11/6/1996
462100,Avers Career College,LA,1993,0,11/6/1996
492400,Forrest Junior College,sc,1993,0,11/6/1996
720300,Richards  Beauty Colleges,CA,1993,0,11/6/1996
754700,Lincoln College of Technology,co,1993,0,11/6/1996
843500,lnterboro Institute,NY,1993,0,11/6/1996
903300,Pueblo College of Business & Technology,co,1993,0,11/6/1996
953100,Spa School (The),OH,1993,0,11/6/1996
965800,Riqqs Lemar Beauty Colleqe,OH,1993,0,11/6/1996
1005700,American Commercial Colleqe,TX,1993,0,11/6/1996
1093000,Suburban Technical  School,NY,1993,0,11/6/1996
1094500,Nationwide  Beauty Academy,OH,1993,0,11/6/1996
1096900,Aladdin Beauty College #13,TX,1993,0,11/6/1996
1100600,American  Institute of Design,PA,1993,0,11/6/1996
1127700,Aladdin Beauty Colleqe #1,TX,1993,0,11/6/1996
1152100,Education  Dynamics  Institution,NV,1993,0,11/6/1996
1158700,McCarrie  Schools of Health Sciences & Technology,PA,1993,0,11/6/1996
1181000,Taylor Business  Institute,IL,1993,0,11/6/1996
1184100,John Jay Beauty Colleqe,LA,1993,0,11/6/1996
1209000,ReignbowBeautyAcademy,NJ,1993,0,11/6/1996
1229900,Aladdin Beauty College #19,TX,1993,0,11/6/1996
1249200,Aladdin Beauty College #26,TX,1993,0,11/6/1996
1306600,Aladdin Beauty College #5,TX,1993,0,11/6/1996
2117900,Ross Technical Institute,Ml,1993,0,11/6/1996
2163000,Winchester  Beauty College,KY,1993,0,11/6/1996
2171300,Americana Beauty College #6,co,1993,0,11/6/1996
2218500,South Texas Vocational Technical Institute,TX,1993,0,11/6/1996
2235900,Academy of Hair Desiqn #4,MS,1993,0,11/6/1996
2264600,Career Institute (The),PA,1993,0,11/6/1996
2275000,Jenny Lea Academy of Cosmetology,KY,1993,0,11/6/1996
2281400,Aladdin Beauty College #3,TX,1993,0,11/6/1996
2281600,Aladdin Beauty Colleqe #15,TX,1993,0,11/6/1996
2284300,Interactive College of Technology,GA,1993,0,11/6/1996
2323100,Pat Goins Shreveport  Beauty School,LA,1993,0,11/6/1996
2326400,Tri-City Barber School,PA,1993,0,11/6/1996
2331300,Interactive Learninq Systems,TX,1993,0,11/6/1996
2337300,Academy of Creative Hair Design,FL,1993,0,11/6/1996
2339500,West Coast Traininq,OR,1993,0,11/6/1996
2339700,Ross Medical Education Center,Ml,1993,0,11/6/1996
2523800,Shear Success Traininq Academy,OK,1993,0,11/6/1996
2547200,Professional  Hair Design Academy,sc,1993,0,11/6/1996
2548800,South Texas Vocational Technical Institute,TX,1993,0,11/6/1996
2575600,Academy of Health Careers,Ml,1993,0,11/6/1996
2576500,CC's Cosmetoloqy  Colleqe,OK,1993,0,11/6/1996
2584400,New Enqland Tractor Trailer Traininq School of Mass,Rl,1993,0,11/6/1996
2585800,Drake School of Westchester,NY,1993,0,11/6/1996
2599500,Empire Beauty School,IL,1993,0,11/6/1996
2608500,Delta Career Institute,TX,1993,0,11/6/1996
3068800,Aladdin Beauty College #28,TX,1993,0,11/6/1996
2105600,Vatterott Educational  Centers,MO,1993,1,7/25/1996
2154900,Missouri School of Barberinq  & Hairstylinq-St.  Louis,MO,1993,1,8/8/1996
1096200,Moore Universite' of Hair Desiqn,OH,1993,1,10/8/1996
1287900,Pat Goins Benton Road Beauty School,LA,1993,1,10/8/1996
1288000,Pat Goins Beauty School,LA,1993,1,10/8/1996
1298900,Oceanside  College of Beauty,CA,1993,1,10/8/1996
2122800,Mr Dels School of Cosmetology,FL,1993,1,10/8/1996
111900,Barstow Community  College,CA,1993,1,10/8/1996
736700,Marinello  Schools of Beauty,NV,1993,1,10/8/1996
893900,Cannella School of Hair Design,IL,1993,1,10/8/1996
2527500,Houston Training Schools,TX,1993,1,10/8/1996
2601900,Miami Institute of Technology,FL,1993,1,10/8/1996
2528500,Gulf Coast Academy of Cosmetology,FL,1993,0,8/21/1996
2527700,Continental  Beauty School,OH,1993,0,8/23/1996
741700,Contemporary School of Beauty Culture,NY,1993,1,8/26/1996
1293900,Covina Beauty College,CA,1993,0,8/27/1996
2580900,Blue Island School of Cosmetology,IL,1993,0,8/27/1996
2589200,Healthstaff Traininq Institute,CA,1993,0,8/27/1996
127200,San Bernardino  Valley College,CA,1993,1,8/27/1996
710700,Essex County College,NJ,1993,0,8/28/1996
2174500,Kentucky Dept for Adult & Technical  Ed - Ballard Cou,KY,1993,0,8/28/1996
2212000,Jeffie Liles Academy of Hair Desiqn,MS,1993,0,8/28/1996
2588300,Advance Beauty Colleqe,sc,1993,0,8/28/1996
2595300,Okmulgee  School of Hair Design,OK,1993,0,8/28/1996
2527200,Farah's School of Beauty Culture,sc,1993,0,8/29/1996
1100800,Aladdin Beauty College #2,TX,1993,0,10/9/1996
2286100,Naes Colleqe,IL,1993,0,9/17/1996
2148300,Manhattan Beauty School,FL,1993,1,9/23/1996
782600,Berean Institute,PA,1993,1,9/23/1996
861100,"CUNY, Hostos Community  College",NY,1993,1,9/24/1996
1212800,Southwestern College,OH,1993,0,9/25/1996
2224600,Tri-State Cosmetoloqy Institute,TX,1993,1,9/26/1996
2593300,Heald College,CA,1993,1,9/30/1996
936100,Empire Technical  School of New Jersey,NJ,1993,1,9/10/1996
2245600,Warren County Career Center,OH,1993,0,9/10/1996
2522700,Eastland Vocational School District,OH,1993,0,9/10/1996
1291600,Hair Design School (The),KY,1993,1,10/16/1996
535700,Tennessee  Technology Center at Crump,TN,1993,0,10/16/1996
2228600,Jerrylee Beauty Colleqe - Roseville,CA,1993,0,10/16/1996
2556000,Anqelo's School of Cosmetoloqy Arts & Science,LA,1993,0,10/16/1996
2583100,Minnesota  School of Barbering,MN,1993,0,10/16/1996
855500,Hair Design Institute at Livingston  Street,NY,1993,0,10/18/1996
1192100,Westchester School of Beauty Culture,NY,1993,0,10/18/1996
2099700,Ross Medical Education Center,Ml,1993,0,10/18/1996
2139000,Craft Institute (The),PA,1993,0,10/18/1996
2145900,Rice Belt Vocational School,AR,1993,0,10/18/1996
2252800,Continental  Dental Assistant School,NY,1993,0,10/18/1996
2252900,Kentucky Colleqe of Barberinq  & Hairstylinq,KY,1993,0,10/18/1996
2265400,Aladdin Beauty College #21,TX,1993,0,10/18/1996
2359000,Middlesex  County Vocational & Technical  High Schoo,NJ,1993,0,10/18/1996
2532100,Business Career Traininq Institute,WA,1993,0,10/18/1996
2558700,Prism Career Institute,PA,1993,0,10/18/1996
2598100,Florida Technical  College- Tampa,FL,1993,0,10/18/1996
2613900,Computer  Business Colleqe,CA,1993,0,10/18/1996
3019800,PCI Health Training Center,TX,1993,0,10/18/1996
1006100,Bryant and Stratton College,VA,1993,0,10/21/1996
1207300,Bryan Institute,OK,1993,0,10/21/1996
1011200,Bryan Institute,KS,1993,0,10/22/1996
1021000,Prospect Hall School of Business,FL,1993,0,10/22/1996
2180100,Ross Medical Education Center,Ml,1993,0,10/22/1996
2283800,Beauty Schools of America,FL,1993,0,10/22/1996
2313300,Lanewton School of Beauty Culture,MA,1993,0,10/22/1996
2338400,Fort Pierce Beauty Academy,FL,1993,0,10/22/1996
2340000,Colonial Heiqhts Beauty Academy,VA,1993,0,10/22/1996
2573200,La Belle Beauty Academy,FL,1993,0,10/22/1996
2598200,Florida Technical  College of Jacksonville,FL,1993,0,10/22/1996
2074900,Chris Beauty College,MS,1993,0,10/23/1996
2091200,Elegance  International,CA,1993,0,10/23/1996
2341000,Capps College,AL,1993,0,10/23/1996
927900,Edutek Professional  Colleqes,CA,1993,0,10/24/1996
2141300,Dickinson Warren College,CA,1993,0,10/24/1996
2312400,LA College International,CA,1993,0,10/24/1996
2543400,Brownson Technical  School,CA,1993,0,10/24/1996
2555200,Golden State School,CA,1993,0,10/24/1996
2580700,Truck Driving Academy,CA,1993,0,10/24/1996
948200,Mansfield Business Colleqe,TX,1993,1,10/28/1996
960700,House of Heavilin Beauty Colleqe,MO,1993,1,10/28/1996
961300,Merrillville  Beauty Colleqe,IN,1993,1,10/28/1996
967400,Moler Beauty Colleqe,LA,1993,1,10/28/1996
973200,Virginia Farrell Beauty School,Ml,1993,1,10/28/1996
973400,Virginia Farrell Beauty School,Ml,1993,1,10/28/1996
973600,Virginia Farrell Beauty School,Ml,1993,1,10/28/1996
989800,Demmon  School of Beauty,LA,1993,1,10/28/1996
1006200,Metropolitan Community  College,IL,1993,1,10/28/1996
1046000,American Baptist Theoloqical  Seminary,TN,1993,1,10/28/1996
1047000,Kalamazoo Beauty Academy,Ml,1993,1,10/28/1996
1065600,State College of Beauty,Ml,1993,1,10/28/1996
1071200,State College of Beauty,Ml,1993,1,10/28/1996
1112600,Garces Commercial College,FL,1993,1,10/28/1996
1123700,Southern Community  Colleqe,AL,1993,1,10/28/1996
1150600,Indiana Barber/Stylist  Colleqe,IN,1993,1,10/28/1996
1153600,Tusla Academy of Hairstyling,OK,1993,1,10/28/1996
1153700,Mid-America Area Vocational-Technical School Distri,OK,1993,1,10/28/1996
1163100,"D-Jay's School of Beauty, Arts & Sciences",LA,1993,1,10/28/1996
1164600,Virqinia Farrell Beauty School,Ml,1993,1,10/28/1996
1172700,Delaware Technical & Community  Colleqe,DE,1993,1,10/28/1996
1197100,Trend Beauty College,IL,1993,1,10/28/1996
1199100,Belzer Yeshiva,NY,1993,1,10/28/1996
1204700,"MTA School, Resident School",PA,1993,1,10/28/1996
1240400,Lexington Beauty College,KY,1993,1,10/28/1996
1244600,Universal College of Beauty,CA,1993,1,10/28/1996
1246400,Bronx Beauty School,NY,1993,1,10/28/1996
1248100,Dolphin Technical Institutes,TX,1993,1,10/28/1996
1255500,M.J. Murphy Beauty College of Saginaw,Ml,1993,1,10/28/1996
1259100,Marion County Area Technology Center,KY,1993,1,10/28/1996
1261100,Ronnie & Dormans  School of Hair Design,LA,1993,1,10/28/1996
1265000,Marinello  School of Beauty,CA,1993,1,10/28/1996
1273800,Kentucky Technical  - Mayfield/Graves County Area V,KY,1993,1,10/28/1996
1293100,Velma B's Beauty Academy,TX,1993,1,10/28/1996
1300300,Neilson  Beauty College,TX,1993,1,10/28/1996
1307700,Page Antelope Valley Beauty School,CA,1993,1,10/28/1996
2055600,Larry's Academy of Hairstyling,LA,1993,1,10/28/1996
2059800,Paris Beauty College,CA,1993,1,10/28/1996
2064300,Sierra College of Beauty,CA,1993,1,10/28/1996
2092800,Tennessee  Technology Center at Whiteville,TN,1993,1,10/28/1996
2115300,Pinellas Technical Education Centers - St. Petersburg,FL,1993,1,10/28/1996
2140900,Hair Design School (The),FL,1993,1,10/28/1996
2142500,Beauty Careers Training Center,FL,1993,1,10/28/1996
2154100,Romar Beauty Academy,FL,1993,1,10/28/1996
2166800,John Amico's School of Hair Desiqn,IL,1993,1,10/28/1996
2168100,Tri County Career Center/Adult  Career Center,OH,1993,1,10/28/1996
2177900,State Barber & Hair Design College,OK,1993,1,10/28/1996
2182400,Omni Technical School,FL,1993,1,10/28/1996
2189400,Ray-Mar Beauty Academy,FL,1993,1,10/28/1996
2191800,Moler Beauty Colleqe,LA,1993,1,10/28/1996
2200400,Sikeston Beauty College,MO,1993,1,10/28/1996
2202400,Professional  Cosmetology  Education Center,AR,1993,1,10/28/1996
2211000,Hairmasters  University of Beauty,CA,1993,1,10/28/1996
2214700,Almas Beauty Colleqe,Ml,1993,1,10/28/1996
2221300,Marinello  School of Beauty,CA,1993,1,10/28/1996
2236400,"Thanh Le Colleqe, School of Cosmetoloqy",CA,1993,1,10/28/1996
2239100,Central Texas Beauty College #2,TX,1993,1,10/28/1996
2248200,Milan Institute of Cosmetology,TX,1993,1,10/28/1996
2249900,Delta Beauty College,MS,1993,1,10/28/1996
2251700,Foster's Cosmetoloqy Colleqe,MS,1993,1,10/28/1996
2265200,Global Business  Institute,NY,1993,1,10/28/1996
2266200,American Professional  Institute,GA,1993,1,10/28/1996
2266300,Rehberq's Hairstylinq  Academy,FL,1993,1,10/28/1996
2269300,Stevenson's  Academy of Hair Desiqn,LA,1993,1,10/28/1996
2279200,Dudley Beauty College,DC,1993,1,10/28/1996
2282200,Skiles University of Hair Desiqn,TX,1993,1,10/28/1996
2284200,New Tyler Barber Colleqe,AR,1993,1,10/28/1996
912900,Empire Beauty School,MA,1993,0,10/28/1996
2197300,Hollywood Cosmetology  Center,OK,1993,0,10/28/1996
360300,Ranger College,TX,1993,1,10/28/1996
531200,Red River Technology  Center,OK,1993,1,10/28/1996
533900,Metro Technology Centers School District #22,OK,1993,1,10/28/1996
549100,KY Tech - Paducah  Area Technology  Center,KY,1993,1,10/28/1996
549300,Madisonville Technical  College,KY,1993,1,10/28/1996
560500,Pinellas Technical Education Center- Clearwater Can,FL,1993,1,10/28/1996
576300,Central Georgia Technical  College,GA,1993,1,10/28/1996
704400,Crowley's Ridge Technical  Institute,AR,1993,1,10/28/1996
718700,North Adrian's Beauty College,CA,1993,1,10/28/1996
841600,Richards  Beauty College,CA,1993,1,10/28/1996
892300,Classic Beauty Colleges,AZ,1993,1,10/28/1996
910400,Riverside  Hairstyling  Academy,FL,1993,1,10/28/1996
2295500,Cannella School of Hair Desiqn,IL,1993,1,10/28/1996
2309900,Lewis Weinberger  & Hill Beauty School,OH,1993,1,10/28/1996
2310300,Columbia  Beauty School,sc,1993,1,10/28/1996
2313800,Consolidated Weldinq Schools,CA,1993,1,10/28/1996
2319500,Charles  Academy of Beauty Culture,AL,1993,1,10/28/1996
2323800,Gaither & Company  Beauty College,AL,1993,1,10/28/1996
2324400,Allstate Hairstyling & Barber College,OH,1993,1,10/28/1996
2327800,Pineville Beauty School,LA,1993,1,10/28/1996
2329200,Victor Georqe Beauty Academy,OH,1993,1,10/28/1996
2337600,Northwest Beauty School,MD,1993,1,10/28/1996
2337900,College of Hair Design Careers,OR,1993,1,10/28/1996
2339800,Southern Institute of Cosmetoloqy- Main Campus,TN,1993,1,10/28/1996
2340800,J & M Academy of Cosmetology,KY,1993,1,10/28/1996
2343100,Northwest  Arkansas College of Cosmetology,AR,1993,1,10/28/1996
2346400,Lady Helen's School of Beauty,ID,1993,1,10/28/1996
2348200,Mid-South Community  Colleqe,AR,1993,1,10/28/1996
2353900,Dootson School of Trucking,CA,1993,1,10/28/1996
2356500,American Beauty Academy,MS,1993,1,10/28/1996
2491400,Spanish-American Institute,NY,1993,1,10/28/1996
2493400,Alexandria Academy of Beauty Culture,LA,1993,1,10/28/1996
2520900,American Bartenders  School,NY,1993,1,10/28/1996
2521300,International  Dealers School,CA,1993,1,10/28/1996
2522400,Abbeville Beauty Academy,LA,1993,1,10/28/1996
2526900,Moler Beauty Colleqe,LA,1993,1,10/28/1996
2529500,Hamrick  School,OH,1993,1,10/28/1996
2538100,Mr John's School of Cosmetoloqy,IL,1993,1,10/28/1996
2549900,Consumer  Electronics Training Center,IL,1993,1,10/28/1996
2569900,Florida School of Business,FL,1993,1,10/28/1996
2573300,Advance School of Driving,CA,1993,1,10/28/1996
2575800,Avanti Hair Tech,FL,1993,1,10/28/1996
2601600,Henry W Brewster Technical Center,FL,1993,1,10/28/1996
2620100,Louisiana Hair Design College,LA,1993,1,10/28/1996
2623400,RTI Technical  Institute,FL,1993,1,10/28/1996
3001600,Jett College of Cosmetology,TN,1993,1,10/28/1996
3025300,Academy for Career Education,NY,1993,1,10/28/1996
3026700,Avanti Hair Tech,FL,1993,1,10/28/1996
995800,Hicks Academy of Beauty Culture,VA,1993,1,10/29/1996
2211900,Cheeks International  Academy of Beauty Culture,WY,1993,1,10/29/1996
2276500,Portsmouth  School of Beauty Culture,VA,1993,1,10/29/1996
945500,Coiffure School of Cosmetoloqy Arts & Sciences,IL,1993,0,10/29/1996
953700,Virginia School of Hair Design,VA,1993,0,10/29/1996
2063600,Tad Technical Institute- Kansas City,MO,1993,0,10/29/1996
2314900,Advanced Career Traininq,PA,1993,0,10/29/1996
2361500,Michiqan  Barber School,Ml,1993,0,10/29/1996
2496200,VancouverSchoolofBeauty,WA,1993,0,10/29/1996
2352600,Temple Academy of Cosmetology,TX,1993,1,10/29/1996
2526300,Marshall Colleqe of Beauty,TX,1993,1,10/29/1996
2538800,Suffolk Beauty Academy,VA,1993,1,10/29/1996
2579400,Draughons College of Nursing  Assistance,TX,1993,1,10/29/1996
2617900,Le Hair Desiqn Colleqe,TX,1993,1,10/29/1996
953000,Gerber Akron Beauty School,OH,1993,0,10/30/1996
1073000,TRC -Jan Mar Beauty Academy,VA,1993,0,10/30/1996
2619600,College for Early Childhood Educators  (The),CA,1993,0,10/30/1996
2219500,Mildred Elley,NY,1993,0,10/31/1996
2292400,Columbia  Beauty Academy,MO,1993,0,10/31/1996
2360300,Ralph Amodei International  Institute of Hair Desiqn &,PA,1993,0,10/31/1996
2526100,Jenny Lea Academy of Cosmetoloqy,KY,1993,0,10/31/1996
2599100,Reminqton  Colleqe,AR,1993,0,10/31/1996
2612900,Remington  College,KS,1993,0,10/31/1996
2613400,Adavanced Career Traininq,TX,1993,0,10/31/1996
3042500,Apollo College,OR,1993,0,10/31/1996
1016400,Maryland Drafting Institute,MD,1993,0,8/12/1996
2344400,Gordon Phillips School of Beauty Culture,MD,1993,0,1/15/1997
1209300,American Beauty College,TX,1993,1,1/28/1997
2284300,Interactive College of Technology,GA,1993,1,2/25/1997
2154700,Miami Technical Institute,FL,1993,1,3/19/1997
2186300,Avanti Hair Tech,FL,1993,1,3/19/1997
2205600,Palm Beach Beauty & Barber School,FL,1993,1,3/19/1997
970800,Eve's College of Hairstyling,OK,1993,1,3/24/1997
1019400,Classic Beauty Colleqes,AZ,1993,1,3/24/1997
1282300,Pat Goins Ruston Beauty School,LA,1993,1,3/24/1997
2331000,Maryland Beauty Academy of Essex,MD,1993,1,3/24/1997
2493600,Chattanooga Barber College,TN,1993,1,3/24/1997
2495100,Maryland Beauty Academy,MD,1993,1,3/24/1997
2508700,Omni Technical School,FL,1993,1,3/24/1997
2520200,California Career School,CA,1993,1,3/24/1997
2563100,Preston & Annas Beauty School,Ml,1993,1,3/24/1997
2601800,Hialeah Technical Institute,FL,1993,1,3/24/1997
2223900,Drake College of Business,NJ,1993,1,5/19/1997
902200,Associated Technical College,CA,1993,1,5/19/1997
3072900,Avanti Hair Tech,FL,1993,1,6/25/1997
1248500,Aladdin Beauty College #25,TX,1993,1,7/14/1997
1197900,Blake Business  School,NY,1993,0,7/24/1997
2255600,Marinello  School of Beauty,CA,1993,1,5/8/1997
2132800,National Conservatory  of Dramatic  Arts,DC,1993,0,10/16/1997
2132800,National Conservatory  of Dramatic  Arts,DC,1993,0,10/16/1997
2273300,Joseph Donahue International  School of Hairstylinq,PA,1993,0,1/8/1998
127200,San Bernardino  Valley Colleqe,CA,1994,1,3/17/1997
531200,Red River Technology  Center,OK,1994,1,3/17/1997
535700,Tennessee  Technology Center at Crump,TN,1994,1,3/17/1997
549100,KY Tech - Paducah  Area Technology Center,KY,1994,1,3/17/1997
576300,Central Georqia Technical  Colleqe,GA,1994,1,3/17/1997
720300,Richards  Beauty Colleges,CA,1994,1,3/17/1997
736700,Marinello  Schools of Beauty,NV,1994,1,3/17/1997
841600,Richards  Beauty College,CA,1994,1,3/17/1997
893900,Cannella School of Hair Design,IL,1994,1,3/17/1997
903300,Pueblo College of Business & Technology,co,1994,1,3/17/1997
910400,Riverside  Hairstylinq  Academy,FL,1994,1,3/17/1997
960700,House of Heavilin Beauty College,MO,1994,1,3/18/1997
961300,Merrillville Beauty Colleqe,IN,1994,1,3/18/1997
967400,Moler Beauty Colleqe,LA,1994,1,3/18/1997
973200,Virginia Farrell Beauty School,Ml,1994,1,3/18/1997
973400,Virginia Farrell Beauty School,Ml,1994,1,3/18/1997
973600,Virginia Farrell Beauty School,Ml,1994,1,3/18/1997
1021000,Prospect Hall School of Business,FL,1994,1,3/18/1997
1046000,American Baptist Theological  Seminary,TN,1994,1,3/18/1997
1065600,State College of Beauty,Ml,1994,1,3/18/1997
1071200,State College of Beauty,Ml,1994,1,3/18/1997
1094500,Nationwide  Beauty Academy,OH,1994,1,3/18/1997
1096800,Aladdin Beauty College #12,OK,1994,1,3/18/1997
1100600,American  Institute of Desiqn,PA,1994,1,3/18/1997
1150600,Indiana Barber/Stylist College,IN,1994,1,3/18/1997
1153600,Tusla Academy of Hairstyling,OK,1994,1,3/18/1997
1153700,Mid-America Area Vocational-Technical School Distric,OK,1994,1,3/18/1997
1163100,"D-Jay's School of Beauty, Arts & Sciences",LA,1994,1,3/18/1997
1164600,Virqinia Farrell Beauty School,Ml,1994,1,3/18/1997
1183000,Berk Trade & Business  School,NY,1994,1,3/18/1997
1240400,Lexington Beauty College,KY,1994,1,3/19/1997
1244600,Universal College of Beauty,CA,1994,1,3/19/1997
1255500,M.J. Murphy Beauty Colleqe of Saqinaw,Ml,1994,1,3/19/1997
1259100,Marion County Area Technoloqy Center,KY,1994,1,3/19/1997
1261100,Ronnie & Dormans  School of Hair Desiqn,LA,1994,1,3/19/1997
1287900,Pat Goins Benton Road Beauty School,LA,1994,1,3/19/1997
1288000,Pat Goins Beauty School,LA,1994,1,3/19/1997
1300300,Neilson  Beauty Colleqe,TX,1994,1,3/19/1997
1309500,Salon Success  Academy,CA,1994,1,3/19/1997
2059800,Paris Beauty College,CA,1994,1,3/19/1997
2091200,Eleqance  International,CA,1994,1,3/19/1997
2092800,Tennessee  Technoloqy Center at Whiteville,TN,1994,1,3/19/1997
2105600,Vatterott Educational  Centers,MO,1994,1,3/19/1997
2115300,Pinellas Technical Education Centers - St. Petersburg,FL,1994,1,3/19/1997
2125000,Career Academy of Beauty,CA,1994,1,3/19/1997
2139000,Craft Institute (The),PA,1994,1,3/19/1997
2140900,Hair Desiqn School (The),FL,1994,1,3/19/1997
2145900,Rice Belt Vocational School,AR,1994,1,3/19/1997
2154700,Miami Technical Institute,FL,1994,1,3/19/1997
2163000,Winchester  Beauty College,KY,1994,1,3/19/1997
2166800,John Amico's School of Hair Desiqn,IL,1994,1,3/19/1997
2168100,Tri County Career Center/Adult  Career Center,OH,1994,1,3/19/1997
2177900,State Barber & Hair Desiqn Colleqe,OK,1994,1,3/19/1997
2182400,Omni Technical School,FL,1994,1,3/19/1997
2186300,Avanti Hair Tech,FL,1994,1,3/19/1997
2191800,Moler Beauty Colleqe,LA,1994,1,3/19/1997
2200400,Sikeston Beauty Colleqe,MO,1994,1,3/19/1997
2205600,Palm Beach Beauty & Barber School,FL,1994,1,3/19/1997
2211900,Cheeks International  Academy of Beauty Culture,WY,1994,1,3/20/1997
2212000,Jeffie Liles Academy of Hair Design,MS,1994,1,3/20/1997
2228600,Jerrylee Beauty Colleqe - Roseville,CA,1994,1,3/20/1997
2248200,Milan Institute of Cosmetoloqy,TX,1994,1,3/20/1997
2249900,Delta Beauty College,MS,1994,1,3/20/1997
2251700,Foster's Cosmetology College,MS,1994,1,3/20/1997
2252800,Continental  Dental Assistant School,NY,1994,1,3/20/1997
2252900,Kentucky College of Barbering  & Hairstyling,KY,1994,1,3/20/1997
2265200,Global Business  Institute,NY,1994,1,3/20/1997
2266200,American Professional  Institute,GA,1994,1,3/20/1997
2266300,Rehberg's Hairstyling  Academy,FL,1994,1,3/20/1997
2269300,Stevenson's  Academy of Hair Design,LA,1994,1,3/20/1997
2276500,Portsmouth  School of Beauty Culture,VA,1994,1,3/20/1997
2282200,Skiles University of Hair Desiqn,TX,1994,1,3/20/1997
2284200,New Tyler Barber Colleqe,AR,1994,1,3/20/1997
2286100,Naes College,IL,1994,1,3/20/1997
2295500,Cannella School of Hair Design,IL,1994,1,3/20/1997
2313800,Consolidated Weldinq  Schools,CA,1994,1,3/20/1997
2319500,Charles  Academy of Beauty Culture,AL,1994,1,3/20/1997
2323100,Pat Goins Shreveport  Beauty School,LA,1994,1,3/20/1997
2323800,Gaither & Company  Beauty College,AL,1994,1,3/20/1997
2324400,Allstate Hairstyling & Barber College,OH,1994,1,3/20/1997
2326400,Tri-City Barber School,PA,1994,1,3/20/1997
2331300,Interactive Learninq Systems,TX,1994,1,3/20/1997
2337300,Academy of Creative Hair Desiqn,FL,1994,1,3/20/1997
2337600,Northwest Beauty School,MD,1994,1,3/20/1997
2338400,Fort Pierce Beauty Academy,FL,1994,1,3/20/1997
2339500,West Coast Training,OR,1994,1,3/20/1997
2339800,Southern Institute of Cosmetology- Main Campus,TN,1994,1,3/20/1997
560500,Pinellas Technical Education Center - Clearwater Can,FL,1994,1,3/24/1997
704400,Crowley's Ridge Technical  Institute,AR,1994,1,3/24/1997
970800,Eve's College of Hairstyling,OK,1994,1,3/24/1997
1006200,Metropolitan Community  College,IL,1994,1,3/24/1997
1019400,Classic Beauty Colleqes,AZ,1994,1,3/24/1997
1282300,Pat Goins Ruston Beauty School,LA,1994,1,3/24/1997
2331000,Maryland Beauty Academy of Essex,MD,1994,1,3/24/1997
2346400,Lady Helen's School of Beauty,ID,1994,1,3/24/1997
2351700,Donia School of Beauty Culture,KY,1994,1,3/24/1997
2352600,Temple Academy of Cosmetology,TX,1994,1,3/24/1997
2353900,Dootson School of Truckinq,CA,1994,1,3/24/1997
2491400,Spanish-American Institute,NY,1994,1,3/24/1997
2493600,Chattanooga Barber College,TN,1994,1,3/24/1997
2495100,Maryland Beauty Academy,MD,1994,1,3/24/1997
2508700,Omni Technical School,FL,1994,1,3/24/1997
2520200,California Career School,CA,1994,1,3/24/1997
2520900,American Bartenders  School,NY,1994,1,3/24/1997
2521300,International  Dealers School,CA,1994,1,3/24/1997
2522400,Abbeville Beauty Academy,LA,1994,1,3/24/1997
2526100,Jenny Lea Academy of Cosmetology,KY,1994,1,3/24/1997
2526300,Marshall College of Beauty,TX,1994,1,3/24/1997
2526900,Moler Beauty College,LA,1994,1,3/24/1997
2538800,Suffolk Beauty Academy,VA,1994,1,3/24/1997
2549900,Consumer  Electronics Training Center,IL,1994,1,3/24/1997
2563100,Preston & Annas Beauty School,Ml,1994,1,3/24/1997
2568100,Texas Barber Colleges  & Hairstyling Schools,TX,1994,1,3/24/1997
2573300,Advance School of Driving,CA,1994,1,3/24/1997
2580900,Blue Island School of Cosmetology,IL,1994,1,3/24/1997
2585800,Drake School of Westchester,NY,1994,1,3/24/1997
2588300,Advance Beauty College,sc,1994,1,3/24/1997
2599100,Reminqton  Colleqe,AR,1994,1,3/24/1997
2599900,Sierra Hi-Tech,CA,1994,1,3/24/1997
2601800,Hialeah Technical Institute,FL,1994,1,3/24/1997
2601900,Miami Institute of Technology,FL,1994,1,3/24/1997
2608500,Delta Career Institute,TX,1994,1,3/24/1997
2617900,Le Hair Design College,TX,1994,1,3/24/1997
2619600,Colleqe for Early Childhood Educators  (The),CA,1994,1,3/24/1997
2620100,Louisiana Hair Desiqn Colleqe,LA,1994,1,3/24/1997
2623400,RTI Technical  Institute,FL,1994,1,3/24/1997
3001600,Jell College of Cosmetology,TN,1994,1,3/24/1997
3025300,Academy for Career Education,NY,1994,1,3/24/1997
3026700,Avanti Hair Tech,FL,1994,1,3/24/1997
855500,Hair Design Institute at Livingston  Street,NY,1994,1,5/15/1997
462100,Ayers Career College,LA,1994,1,5/19/1997
902200,Associated Technical College,CA,1994,1,5/19/1997
1093000,Suburban Technical  School,NY,1994,1,5/19/1997
1307700,Paqe Antelope Valley Beauty School,CA,1994,1,5/19/1997
2223900,Drake Colleqe of Business,NJ,1994,1,5/19/1997
2349500,Cannella School of Hair Desiqn,IL,1994,1,5/19/1997
2613900,Computer  Business College,CA,1994,1,5/19/1997
3068800,Aladdin Beauty College #28,TX,1994,1,5/19/1997
738800,Long Island Beauty School,NY,1994,1,5/28/1997
741700,Contemporary School of Beauty Culture,NY,1994,1,5/28/1997
912900,Empire Beauty School,MA,1994,1,5/28/1997
936100,Empire Technical  School of New Jersey,NJ,1994,1,5/28/1997
953700,Virginia School of Hair Design,VA,1994,1,5/28/1997
1127700,Aladdin Beauty College #1,TX,1994,1,5/28/1997
2100700,Aladdin Beauty Colleqe #8,TX,1994,1,5/28/1997
2340000,Colonial Heights Beauty Academy,VA,1994,1,5/28/1997
2344400,Gordon Phillips School of Beauty Culture,MD,1994,1,5/28/1997
945500,Coiffure School of Cosmetology Arts & Sciences,IL,1994,1,6/16/1997
1249200,Aladdin Beauty Colleqe #26,TX,1994,1,6/16/1997
2312400,LA Colleqe International,CA,1994,1,6/16/1997
1265000,Marinello  School of Beauty,CA,1994,1,6/25/1997
1291600,Hair Desiqn School (The),KY,1994,1,6/25/1997
2180100,Ross Medical Education Center,Ml,1994,1,6/25/1997
2218500,South Texas Vocational Technical Institute,TX,1994,1,6/25/1997
2219500,Mildred Elley,NY,1994,1,6/25/1997
2360300,Ralph Amodei International  Institute of Hair Design &,PA,1994,1,6/25/1997
2361500,Michiqan  Barber School,Ml,1994,1,6/25/1997
2547200,Professional  Hair Desiqn Academy,sc,1994,1,6/25/1997
2575800,Avanti Hair Tech,FL,1994,1,6/25/1997
3072900,Avanti Hair Tech,FL,1994,1,6/25/1997
843500,lnterboro Institute,NY,1994,1,6/26/1997
2281600,Aladdin Beauty Colleqe #15,TX,1994,1,6/26/1997
2527500,Houston Training Schools,TX,1994,1,6/26/1997
2557400,Star College of Cosmetology,TX,1994,1,6/26/1997
1248500,Aladdin Beauty College #25,TX,1994,1,7/14/1997
2074900,Chris Beauty Colleqe,MS,1994,1,7/14/1997
2593300,Heald College,CA,1994,1,7/14/1997
775100,Richard I School of Beauty Culture,NY,1994,0,6/9/1997
2261100,Modern Trend Beauty School,TX,1994,0,9/23/1997
2307500,Thomas Serra Philadelphia  Academy of Beauty,PA,1994,0,9/23/1997
2311700,Belleville Barber Colleqe,IL,1994,0,9/23/1997
111900,Barstow Community  Colleqe,CA,1994,1,9/25/1997
449400,Everest College,CA,1994,1,9/25/1997
813700,Aladdin Beauty Colleqe #18,TX,1994,1,9/25/1997
943300,Sherman Kendall's  Academy of Beauty Arts & Scienc,UT,1994,1,9/25/1997
957800,Jon Louis School of Beauty,NY,1994,1,9/25/1997
988400,Aladdin Beauty College #4,TX,1994,1,9/25/1997
1096900,Aladdin Beauty Colleqe #13,TX,1994,1,9/25/1997
1192100,Westchester School of Beauty Culture,NY,1994,1,9/25/1997
1197100,Trend Beauty College,IL,1994,1,9/25/1997
1306600,Aladdin Beauty Colleqe #5,TX,1994,1,9/25/1997
2063600,Tad Technical Institute- Kansas City,MO,1994,1,9/25/1997
2066100,Ohio State College of Barber Styling,OH,1994,1,9/25/1997
2117900,Ross Technical Institute,Ml,1994,1,9/25/1997
2154900,Missouri School of Barbering  & Hairstyling-St.  Louis,MO,1994,1,9/25/1997
2234000,Cameron  Colleqe,LA,1994,1,9/25/1997
2265400,Aladdin Beauty Colleqe #21,TX,1994,1,9/25/1997
2279200,Dudley Beauty College,DC,1994,1,9/25/1997
2281400,Aladdin Beauty Colleqe #3,TX,1994,1,9/25/1997
2284300,Interactive College of Technology,GA,1994,1,9/25/1997
2340800,J & M Academy of Cosmetoloqy,KY,1994,1,9/25/1997
2543400,Brownson Technical  School,CA,1994,1,9/25/1997
2576500,CC's Cosmetoloqy Colleqe,OK,1994,1,9/25/1997
2584400,New England Tractor Trailer Training School of Mass,Rl,1994,1,9/25/1997
2598100,Florida Technical  College- Tampa,FL,1994,1,9/25/1997
2612900,Remington  College,KS,1994,1,9/25/1997
2221300,Marinello  School of Beauty,CA,1994,1,7/10/1997
2561100,Leeds Pacific College,CA,1994,0,9/10/1997
2132800,National Conservatory  of Dramatic  Arts,DC,1994,0,10/16/1997
2132800,National Conservatory  of Dramatic  Arts,DC,1994,0,10/16/1997
482500,Taylor Business  Institute,NY,1994,0,10/11/1997
752200,Continental  School of Beauty Culture,NY,1994,1,1/13/1998
1009800,Neumont  University,UT,1995,0,5/1/1998
843500,lnterboro Institute,NY,1995,1,7/1/1998
1255500,M.J. Murphy Beauty Colleqe of Saqinaw,Ml,1995,1,1/13/1998
2491400,Spanish-American Institute,NY,1995,1,1/13/1998
2549900,Consumer  Electronics Traininq Center,IL,1995,1,1/13/1998
2563100,Preston & Annas Beauty School,Ml,1995,1,1/13/1998
2583700,Municipal  Training Center,NY,1995,1,1/13/1998
2619000,Boardwalk & Marina Casino Dealer School of Atlantic,NJ,1995,1,1/13/1998
3008100,American College of Beauty Culture,Ml,1995,1,1/13/1998
3025300,Academy for Career Education,NY,1995,1,1/13/1998
528200,Tennessee  Technology Center at Hartsville,TN,1995,1,1/13/1998
535700,Tennessee  Technology Center at Crump,TN,1995,1,1/13/1998
549100,KY Tech - Paducah  Area Technology Center,KY,1995,1,1/13/1998
576300,Central Georgia Technical  College,GA,1995,1,1/13/1998
752200,Continental  School of Beauty Culture,NY,1995,1,1/13/1998
752500,Suwannee-Hamilton Technical  Center,FL,1995,1,1/13/1998
943300,Sherman Kendall's  Academy of Beauty Arts & Scienc,UT,1995,1,1/13/1998
945500,Coiffure School of Cosmetoloqy Arts & Sciences,IL,1995,1,1/13/1998
953700,Virginia School of Hair Design,VA,1995,1,1/13/1998
957800,Jon Louis School of Beauty,NY,1995,1,1/13/1998
973200,Virqinia Farrell Beauty School,Ml,1995,1,1/13/1998
973400,Virqinia Farrell Beauty School,Ml,1995,1,1/13/1998
973600,Virginia Farrell Beauty School,Ml,1995,1,1/13/1998
1006200,Metropolitan Community  College,IL,1995,1,1/13/1998
1021000,Prospect Hall School of Business,FL,1995,1,1/13/1998
1094500,Nationwide  Beauty Academy,OH,1995,1,1/13/1998
1150600,Indiana Barber/Stylist Colleqe,IN,1995,1,1/13/1998
1164600,Virginia Farrell Beauty School,Ml,1995,1,1/13/1998
1172500,Collins School of Cosmetology,KY,1995,1,1/13/1998
1240400,Lexington Beauty College,KY,1995,1,1/13/1998
2066100,Ohio State College of Barber Styling,OH,1995,1,1/13/1998
2117900,Ross Technical Institute,Ml,1995,1,1/13/1998
2166800,John Amico's School of Hair Design,IL,1995,1,1/13/1998
2168100,Tri County Career Center/Adult  Career Center,OH,1995,1,1/13/1998
2223900,Drake College of Business,NJ,1995,1,1/13/1998
2253200,Superior Career Institute,NY,1995,1,1/13/1998
2265200,Global Business  Institute,NY,1995,1,1/13/1998
2276500,Portsmouth  School of Beauty Culture,VA,1995,1,1/13/1998
2279200,Dudley Beauty Colleqe,DC,1995,1,1/13/1998
2295500,Cannella School of Hair Desiqn,IL,1995,1,1/13/1998
2324400,Allstate Hairstylinq & Barber Colleqe,OH,1995,1,1/13/1998
2326400,Tri-City Barber School,PA,1995,1,1/13/1998
2331000,Maryland Beauty Academy of Essex,MD,1995,1,1/13/1998
2337600,Northwest Beauty School,MD,1995,1,1/13/1998
2340000,Colonial Heiqhts Beauty Academy,VA,1995,1,1/13/1998
2344400,Gordon Phillips School of Beauty Culture,MD,1995,1,1/13/1998
2346400,Lady Helen's School of Beauty,ID,1995,1,1/13/1998
2349500,Cannella School of Hair Design,IL,1995,1,1/13/1998
1231700,Tulare Beauty College,CA,1995,1,1/20/1998
1248500,Aladdin Beauty Colleqe #25,TX,1995,1,1/20/1998
1306600,Aladdin Beauty Colleqe #5,TX,1995,1,1/20/1998
2115300,Pinellas Technical Education Centers - St. Petersburq,FL,1995,1,1/20/1998
2154700,Miami Technical Institute,FL,1995,1,1/20/1998
2184200,Milan Institute of Cosmetology,WA,1995,1,1/20/1998
2186300,Avanti Hair Tech,FL,1995,1,1/20/1998
2493600,Chattanooqa Barber Colleqe,TN,1995,1,1/20/1998
2526100,Jenny Lea Academy of Cosmetoloqy,KY,1995,1,1/20/1998
2547200,Professional  Hair Desiqn Academy,sc,1995,1,1/20/1998
2552700,Advance School of Cosmetoloqy,LA,1995,1,1/20/1998
2557400,Star College of Cosmetology,TX,1995,1,1/20/1998
2585300,Pages University of Cosmetology,GA,1995,1,1/20/1998
2599100,Reminqton  Colleqe,AR,1995,1,1/20/1998
2612900,Remington  College,KS,1995,1,1/20/1998
2613900,Computer  Business College,CA,1995,1,1/20/1998
2623400,RTI Technical  Institute,FL,1995,1,1/20/1998
3003800,Anderson County Beauty Colleqe,TX,1995,1,1/20/1998
3011200,Domestic  Health Care Institute,LA,1995,1,1/20/1998
3026700,Avanti Hair Tech,FL,1995,1,1/20/1998
127200,San Bernardino  Valley Colleqe,CA,1995,1,1/20/1998
531200,Red River Technoloqy  Center,OK,1995,1,1/20/1998
718700,North Adrian's Beauty Colleqe,CA,1995,1,1/20/1998
736700,Marinello  Schools of Beauty,NV,1995,1,1/20/1998
813700,Aladdin Beauty Colleqe #18,TX,1995,1,1/20/1998
902200,Associated Technical Colleqe,CA,1995,1,1/20/1998
970800,Eve's Colleqe of Hairstylinq,OK,1995,1,1/20/1998
988400,Aladdin Beauty College #4,TX,1995,1,1/20/1998
1096800,Aladdin Beauty Colleqe #12,OK,1995,1,1/20/1998
1096900,Aladdin Beauty Colleqe #13,TX,1995,1,1/20/1998
1111600,Sawyer Colleqe,CA,1995,1,1/20/1998
1112200,Sawyer College,CA,1995,1,1/20/1998
1127700,Aladdin Beauty College #1,TX,1995,1,1/20/1998
1163100,"D-Jay's School of Beauty, Arts & Sciences",LA,1995,1,1/20/1998
1249200,Aladdin Beauty Colleqe #26,TX,1995,1,1/20/1998
1265000,Marinello  School of Beauty,CA,1995,1,1/20/1998
2091200,Elegance  International,CA,1995,1,1/20/1998
2140900,Hair Design School (The),FL,1995,1,1/20/1998
2141900,San Gorqonio Beauty Colleqe,CA,1995,1,1/20/1998
2200400,Sikeston Beauty Colleqe,MO,1995,1,1/20/1998
2205600,Palm Beach Beauty & Barber School,FL,1995,1,1/20/1998
2218500,South Texas Vocational Technical Institute,TX,1995,1,1/20/1998
2234000,Cameron  College,LA,1995,1,1/20/1998
2239100,Central Texas Beauty Colleqe #2,TX,1995,1,1/20/1998
2248200,Milan Institute of Cosmetoloqy,TX,1995,1,1/20/1998
2266200,American Professional  Institute,GA,1995,1,1/20/1998
2266300,Rehberq's Hairstylinq  Academy,FL,1995,1,1/20/1998
2269300,Stevenson's  Academy of Hair Desiqn,LA,1995,1,1/20/1998
2281400,Aladdin Beauty College #3,TX,1995,1,1/20/1998
2281600,Aladdin Beauty College #15,TX,1995,1,1/20/1998
2284200,New Tyler Barber College,AR,1995,1,1/20/1998
2284300,Interactive College of Technology,GA,1995,1,1/20/1998
2285200,Hair Desiqn School (The),TN,1995,1,1/20/1998
2306700,Fort Worth Beauty School,TX,1995,1,1/20/1998
2323800,Gaither & Company  Beauty Colleqe,AL,1995,1,1/20/1998
2331300,Interactive Learning Systems,TX,1995,1,1/20/1998
2351700,Donia School of Beauty Culture,KY,1995,1,1/20/1998
2353500,Stefans Beauty Colleqe,LA,1995,1,1/20/1998
3068800,Aladdin Beauty Colleqe #28,TX,1995,1,1/20/1998
1292100,"Blaine, The Beauty Career Schools",MA,1995,1,1/21/1998
1300300,Neilson  Beauty College,TX,1995,1,1/26/1998
2508700,Omni Technical School,FL,1995,1,1/26/1998
2527500,Houston Training Schools,TX,1995,1,1/26/1998
2575800,Avanti Hair Tech,FL,1995,1,1/26/1998
1046000,American Baptist Theological  Seminary,TN,1995,1,1/26/1998
1071200,State College of Beauty,Ml,1995,1,1/26/1998
2340800,J & M Academy of Cosmetoloqy,KY,1995,1,1/26/1998
560500,Pinellas Technical Education Center - Clearwater Can,FL,1995,1,2/25/1998
960700,House of Heavilin Beauty College,MO,1995,1,2/25/1998
2360300,Ralph Amodei International  Institute of Hair Desiqn &,PA,1995,1,2/25/1998
3087800,ITT Technical  Institute,TX,1995,0,6/4/1998
2538300,Delta College of Arts & Technology,LA,1995,1,4/14/1998
2156300,Marqate School of Beauty,FL,1995,0,4/14/1998
449400,Everest Colleqe,CA,1995,1,4/14/1998
482500,Taylor Business  Institute,NY,1995,1,4/14/1998
760600,Everest College,CA,1995,1,4/14/1998
2100700,Aladdin Beauty Colleqe #8,TX,1995,1,4/15/1998
2165000,Eldorado Colleqe,CA,1995,1,4/15/1998
2515500,California Business  Institute,CA,1995,1,4/15/1998
2576500,CC's Cosmetology College,OK,1995,1,4/15/1998
2608500,Delta Career Institute,TX,1995,1,4/15/1998
1292200,Broms Academy,MA,1995,0,4/15/1998
2122000,New England Hair Academy,MA,1995,0,4/15/1998
2357700,Academy of Hair Desiqn,TX,1995,0,4/15/1998
2490700,Hair Fashions by Kaye Beauty College,IN,1995,0,4/15/1998
2504900,Academy of Hair Design,WA,1995,0,4/15/1998
2552400,Academy of Hair Technoloqy,sc,1995,0,4/15/1998
1041700,Brio Academy of East Hartford,CT,1995,0,4/16/1998
1159800,Oranqe County Business  Colleqe,CA,1995,0,4/16/1998
2073400,Carver Career and Technical  Education Center,wv,1995,0,4/16/1998
2238500,Central State Beauty Academy,OK,1995,0,4/16/1998
2342400,Academy of Radio & TV Broadcastinq,CA,1995,0,4/16/1998
2496000,Huntington College of Dental Technology,CA,1995,0,4/16/1998
972700,Flexer Beauty School,NY,1995,1,4/16/1998
1112100,Everest Colleqe,CA,1995,1,4/16/1998
2204100,New England Tractor Trailer Training School,MA,1995,1,4/16/1998
2262700,Delaware County Institute of Training,PA,1995,1,4/16/1998
528000,Tennessee  Technology Center- Covington,TN,1995,0,4/20/1998
541500,Cape May County Technical  School District,NJ,1995,0,4/20/1998
547200,Louisiana Technical  Colleqe- Sidney N. Collier Camp,LA,1995,0,4/20/1998
697300,Canada Colleqe,CA,1995,0,4/20/1998
847800,Moler Barber College,CA,1995,0,4/20/1998
1001700,Payne Theological  Seminary,OH,1995,0,4/20/1998
1170300,Penta County Vocational School,OH,1995,0,4/20/1998
1274300,Benjamin Franklin Career & Technical  Center,wv,1995,0,4/21/1998
2058900,Harvard H Ellis Technical  School,CT,1995,0,4/21/1998
2139400,Leon's Institute of Hair Design,CT,1995,0,4/21/1998
2218200,Garnet Career Center,wv,1995,0,4/21/1998
2291200,Cannella School of Hair Desiqn,IL,1995,0,4/21/1998
2317600,Academy of Hair Design,sc,1995,0,4/21/1998
2320800,Maqnolia Colleqe of Cosmetoloqy,MS,1995,0,4/21/1998
2336900,Alpha Beauty School,sc,1995,0,4/21/1998
2346300,US Schools,FL,1995,0,4/22/1998
2493400,Alexandria Academy of Beauty Culture,LA,1995,0,4/22/1998
2530700,Sebring Career Schools,TX,1995,0,4/22/1998
2553100,Associated Technical College,CA,1995,0,4/22/1998
2553500,Associated Technical College,CA,1995,0,4/22/1998
569300,John M Patterson State Technical  College,AL,1995,0,4/23/1998
675600,Louisiana Technical  Colleqe- Sullivan Campus,LA,1995,0,4/23/1998
769300,Shawnee Community  Colleqe,IL,1995,0,4/23/1998
1034200,Southern Oklahoma Area Vocational Technical Distric,OK,1995,0,4/23/1998
1043900,Southwest Tennessee  Community  College,TN,1995,0,4/23/1998
1155300,William  R  Moore College of Technoloqy,TN,1995,0,4/23/1998
1315500,0\E Learninq Center,Ml,1995,0,4/23/1998
2536700,Bell Mar Beauty College,IL,1995,0,4/23/1998
2609900,SER Business and Technical Institute,Ml,1995,0,4/23/1998
3026200,Head's West Kentucky Beauty College,KY,1995,0,4/23/1998
3028500,Lawton School,Ml,1995,0,4/23/1998
2208600,Madera Beauty Colleqe,CA,1995,0,4/27/1998
2302800,Mississippi College of Beauty Culture,MS,1995,0,4/27/1998
2363500,Arthur's Beauty College,AR,1995,0,4/27/1998
2504500,lnstitucion Chaviano  de Mayaguez,PR,1995,0,4/27/1998
2522900,East Kentucky Beauty Colleqe,KY,1995,0,4/27/1998
2560800,Southeast School of Cosmetoloqy,KY,1995,0,4/27/1998
2602200,North American Heatinq & Air Conditioninq Traininq C,CA,1995,0,4/27/1998
3061400,Ascension College,LA,1995,0,4/27/1998
2211900,Cheeks International  Academy of Beauty Culture,WY,1995,1,4/27/1998
2200100,Bradenton  Beauty & Barber Academy,FL,1995,0,4/28/1998
2361500,Michiqan  Barber School,Ml,1995,1,4/28/1998
2494700,Baltimore  Studio of Hair Desiqn,MD,1995,1,4/29/1998
961300,Merrillville  Beauty College,IN,1995,1,4/29/1998
2199100,Academy of Hair Desiqn,IN,1995,1,4/29/1998
2077700,Roilier  Academy of Hairstylists,CT,1995,0,4/30/1998
2215700,Artistic School of Hair Desiqn,OR,1995,0,4/30/1998
2316700,Potomac  Academy of Hair Design,VA,1995,0,4/30/1998
2558300,Jackson  Beauty School,TX,1995,0,4/30/1998
2585800,Drake School of Westchester,NY,1995,1,5/28/1998
775200,Jon Louis School of Beauty,NY,1995,0,6/17/1998
855500,Hair Design Institute at Livingston  Street,NY,1995,0,6/17/1998
1314300,Jon Louis School of Beauty,NY,1995,0,6/17/1998
855500,Hair Design Institute at Livingston  Street,NY,1995,1,6/17/1998
1191500,Drake Business  School,NY,1995,1,6/17/1998
1191700,Drake School of Manhattan,NY,1995,1,6/17/1998
1191800,Drake School of the Bronx,NY,1995,1,6/17/1998
1192100,Westchester School of Beauty Culture,NY,1995,1,6/17/1998
738800,Long Island Beauty School,NY,1995,1,6/24/1998
2219500,Mildred Elley,NY,1995,1,6/24/1998
2105900,Hair Desiqn Institute at Fifth Avenue,NY,1995,0,6/25/1998
2185400,Saint Augustine College,IL,1995,0,5/7/1998
2616600,Shear Eqo International  School of Hair Desiqn,NY,1995,0,7/16/1998
2577700,Beauty College of America,GA,1995,0,7/23/1998
3066900,lntelliTec College,co,1995,0,4/9/1998
809000,Everest Colleqe,CA,1995,1,4/9/1998
912900,Empire Beauty School,MA,1995,1,4/9/1998
1183000,Berk Trade & Business School,NY,1995,1,4/9/1998
2593300,Heald Colleqe,CA,1995,1,6/9/1998
3036000,School of Business  & Bankinq,KY,1995,1,6/9/1998
2287300,Academy of Hair Care,IN,1995,0,6/9/1998
1229900,Aladdin Beauty College #19,TX,1995,1,6/9/1998
2139000,Craft Institute (The),PA,1995,1,6/9/1998
2265400,Aladdin Beauty College #21,TX,1995,1,6/9/1998
3031000,American Center for Career Traininq,NY,1995,0,9/9/1998
2520200,California Career School,CA,1995,1,3/10/1998
462100,Ayers Career College,LA,1995,1,3/10/1998
1197100,Trend Beauty College,IL,1995,1,3/10/1998
2572500,Davenport  Barber Stylinq Colleqe,lA,1995,0,5/12/1998
1288000,Pat Goins Beauty School,LA,1996,0,1/13/1999
2255000,Knoxville Institute of Hair Design,TN,1996,0,1/13/1999
1287900,Pat Goins Benton Road Beauty School,LA,1996,0,3/17/1999
3012300,ASM Beauty World Academy,FL,1996,0,3/23/1999
1065600,State College of Beauty,Ml,1996,0,6/22/1999
2276400,International  Junior College,PR,1996,0,6/22/1999
2563500,Roqie's School of Beauty Culture,PR,1996,0,6/22/1999
2581200,CC's Cosmetoloqy Colleqe,OK,1996,0,6/22/1999
2281700,Aladdin Beauty Colleqe #17,TX,1996,0,7/22/1999
2287100,La Belle Beauty School,FL,1996,0,1/8/1999
2173200,Learning Institutes for Beauty Sciences,NY,1996,0,6/8/1999
2311700,Belleville Barber Colleqe,IL,1996,0,8/30/1999
357900,Jacksonville Colleqe,TX,1996,0,3/9/1999
357900,Jacksonville Colleqe,TX,1996,0,3/9/1999
569800,Douglas MacArthur  State Technical  College,AL,1996,0,1/11/1999
951900,Advanced Hair Tech Academy,KS,1996,0,1/11/1999
1190200,Cannella School of Hair Desiqn,IL,1996,0,1/11/1999
1272600,Montqomery  County Area Technoloqy  Center,KY,1996,0,1/11/1999
2149900,Normandy  Beauty School of Jacksonville,FL,1996,0,1/11/1999
2281500,Aladdin Beauty Colleqe #7,TX,1996,0,1/11/1999
2354500,Southeastern  Beauty Schools,GA,1996,0,1/11/1999
2495800,Focus:HOPE,Ml,1996,0,1/11/1999
2530800,Politechnical Institute of Florida,FL,1996,0,1/11/1999
2563300,Kankakee  Academy of Hair Design,IL,1996,0,1/11/1999
3005100,Arkansas Beauty School,AR,1996,0,1/11/1999
3061100,Stylemasters  Beauty Academy,TN,1996,0,1/11/1999
750800,Plaza School of Technology,NJ,1996,0,1/11/1999
3001300,Marcell Royale Beauty Academy,AR,1997,0,11/18/1999
535100,Tennessee  Technology Center at Morristown,TN,1997,0,11/22/1999
1073000,TRC -Jan Mar Beauty Academy,VA,1997,0,11/22/1999
1096600,Aladdin Beauty Colleqe #9,OK,1997,0,11/22/1999
2292400,Columbia Beauty Academy,MO,1997,0,11/22/1999
2590000,Metro College,PR,1997,0,11/22/1999
2255400,International  School of Cosmetoloqy,CA,1997,0,11/22/1999
803800,Middlesex  Community  College,CT,1997,0,11/29/1999
2107400,Jon Louis School of Beauty,NY,1997,0,2/2/2000
247500,Kemper Military School and College,MO,1997,0,2/22/2000
2341000,Capps College,AL,1997,0,2/7/2000
3005200,Interactive Learninq Systems,GA,1997,0,2/7/2000
3031000,American Center for Career Training,NY,1998,1,12/9/2000
2581200,CC's Cosmetology  College,OK,1998,0,12/19/2000
843500,lnterboro Institute,NY,1998,1,12/19/2000
2340000,Colonial Heights Beauty Academy,VA,1998,1,12/19/2000
1046000,American Baptist Theoloqical  Seminary,TN,1998,1,12/20/2000
2292400,Columbia  Beauty Academy,MO,1998,1,12/20/2000
843500,lnterboro Institute,NY,1999,0,11/9/2001
2218500,South Texas Vocational Technical Institute,TX,1999,0,11/9/2001
843500,lnterboro Institute,NY,1999,1,11/9/2001
3031000,American Center for Career Training,NY,1999,1,11/9/2001
2341000,Capps Colleqe,AL,1999,0,1/14/2002
2341000,Capps Colleqe,AL,1999,1,1/14/2002
3249300,Metro Technical Institute,Ml,2000,0,10/16/2002
843500,lnterboro Institute,NY,2000,1,10/16/2002
2341000,Capps College,AL,2000,1,10/16/2002
2552100,American Business  College,PR,2000,0,5/7/2003
